-- MySQL dump 10.13  Distrib 8.3.0, for macos14 (arm64)
--
-- Host: 127.0.0.1    Database: library
-- ------------------------------------------------------
-- Server version	8.3.0

/*!40101 SET @OLD_CHARACTER_SET_CLIENT=@@CHARACTER_SET_CLIENT */;
/*!40101 SET @OLD_CHARACTER_SET_RESULTS=@@CHARACTER_SET_RESULTS */;
/*!40101 SET @OLD_COLLATION_CONNECTION=@@COLLATION_CONNECTION */;
/*!50503 SET NAMES utf8mb4 */;
/*!40103 SET @OLD_TIME_ZONE=@@TIME_ZONE */;
/*!40103 SET TIME_ZONE='+00:00' */;
/*!40014 SET @OLD_UNIQUE_CHECKS=@@UNIQUE_CHECKS, UNIQUE_CHECKS=0 */;
/*!40014 SET @OLD_FOREIGN_KEY_CHECKS=@@FOREIGN_KEY_CHECKS, FOREIGN_KEY_CHECKS=0 */;
/*!40101 SET @OLD_SQL_MODE=@@SQL_MODE, SQL_MODE='NO_AUTO_VALUE_ON_ZERO' */;
/*!40111 SET @OLD_SQL_NOTES=@@SQL_NOTES, SQL_NOTES=0 */;

--
-- Table structure for table `cquptInfo`
--

DROP TABLE IF EXISTS `cquptInfo`;
/*!40101 SET @saved_cs_client     = @@character_set_client */;
/*!50503 SET character_set_client = utf8mb4 */;
CREATE TABLE `cquptInfo`
(
    `user_id`            varchar(100) NOT NULL COMMENT 'id',
    `role`               varchar(50) DEFAULT NULL COMMENT 'role',
    `name`               varchar(50) DEFAULT NULL COMMENT '姓名',
    `cqupt_id`           varchar(50) DEFAULT NULL COMMENT 'cqupt_id',
    `student_id`         varchar(50) DEFAULT NULL COMMENT '学生号',
    `grade`              varchar(50) DEFAULT NULL COMMENT '年级',
    `classs`             varchar(50) DEFAULT NULL COMMENT '班级',
    `unit_name`          varchar(50) DEFAULT NULL COMMENT '学院',
    `profession_name`    varchar(50) DEFAULT NULL COMMENT '专业',
    `gender`             varchar(50) DEFAULT NULL COMMENT '性别',
    `counselor_name`     varchar(50) DEFAULT NULL COMMENT '辅导员',
    `counselor_cqupt_id` varchar(50) DEFAULT NULL COMMENT '辅导员cqupt_id',
    PRIMARY KEY (`user_id`),
    UNIQUE KEY `cqupt_id` (`cqupt_id`)
) ENGINE=InnoDB DEFAULT CHARSET=utf8mb4 COLLATE=utf8mb4_0900_ai_ci;
/*!40101 SET character_set_client = @saved_cs_client */;

--
-- Dumping data for table `cquptInfo`
--

LOCK
TABLES `cquptInfo` WRITE;
/*!40000 ALTER TABLE `cquptInfo` DISABLE KEYS */;
/*!40000 ALTER TABLE `cquptInfo` ENABLE KEYS */;
UNLOCK
TABLES;

--
-- Table structure for table `library`
--

DROP TABLE IF EXISTS `library`;
/*!40101 SET @saved_cs_client     = @@character_set_client */;
/*!50503 SET character_set_client = utf8mb4 */;
CREATE TABLE `library`
(
    `library_id` varchar(100) NOT NULL COMMENT '图书馆Id',
    `school_id`  varchar(100) DEFAULT NULL COMMENT '学校id',
    `name`       varchar(20)  DEFAULT NULL COMMENT '图书馆名字',
    `descs`      varchar(300) DEFAULT NULL COMMENT '简介',
    `background` varchar(500) DEFAULT NULL COMMENT '背景',
    `weekend`    tinyint(1) DEFAULT NULL COMMENT '周末是否开放',
    `begin_time` time         DEFAULT NULL COMMENT '每日开放开始时间',
    `end_time`   time         DEFAULT NULL COMMENT '每日开放结束时间',
    `tt`         time         DEFAULT NULL COMMENT '时段长度',
    PRIMARY KEY (`library_id`)
) ENGINE=InnoDB DEFAULT CHARSET=utf8mb4 COLLATE=utf8mb4_0900_ai_ci;
/*!40101 SET character_set_client = @saved_cs_client */;

--
-- Dumping data for table `library`
--

LOCK
TABLES `library` WRITE;
/*!40000 ALTER TABLE `library` DISABLE KEYS */;
INSERT INTO `library`
VALUES ('jdgchvauajkavavvbh', 'schoolId', '老图书馆', '老图书馆', 'download/1717486275420.jpg', 1, '08:00:00',
        '22:00:00', '00:30:00'),
       ('jdgchvauajkuvbh', 'schoolId', '数字图书馆', '新图书馆', 'download/1717486282527.jpeg', 1, '08:00:00',
        '22:00:00', '00:30:00');
/*!40000 ALTER TABLE `library` ENABLE KEYS */;
UNLOCK
TABLES;

--
-- Table structure for table `library_equipment`
--

DROP TABLE IF EXISTS `library_equipment`;
/*!40101 SET @saved_cs_client     = @@character_set_client */;
/*!50503 SET character_set_client = utf8mb4 */;
CREATE TABLE `library_equipment`
(
    `equipment_id` varchar(100) NOT NULL COMMENT '设备id',
    `school_id`    varchar(100) DEFAULT NULL COMMENT '学校id',
    `room_id`      varchar(100) DEFAULT NULL COMMENT '图书室id',
    PRIMARY KEY (`equipment_id`)
) ENGINE=InnoDB DEFAULT CHARSET=utf8mb4 COLLATE=utf8mb4_0900_ai_ci;
/*!40101 SET character_set_client = @saved_cs_client */;

--
-- Dumping data for table `library_equipment`
--

LOCK
TABLES `library_equipment` WRITE;
/*!40000 ALTER TABLE `library_equipment` DISABLE KEYS */;
/*!40000 ALTER TABLE `library_equipment` ENABLE KEYS */;
UNLOCK
TABLES;

--
-- Table structure for table `library_feedback`
--

DROP TABLE IF EXISTS `library_feedback`;
/*!40101 SET @saved_cs_client     = @@character_set_client */;
/*!50503 SET character_set_client = utf8mb4 */;
CREATE TABLE `library_feedback`
(
    `feedback_id` varchar(50) NOT NULL COMMENT 'id',
    `school_id`   varchar(100)  DEFAULT NULL COMMENT '学校id',
    `user_id`     varchar(100)  DEFAULT NULL COMMENT '用户id',
    `title`       varchar(50)   DEFAULT NULL COMMENT '标题',
    `context`     varchar(2000) DEFAULT NULL COMMENT '内容',
    `tag`         int           DEFAULT NULL COMMENT '处理情况',
    `date`        datetime      DEFAULT NULL COMMENT '发布日期',
    PRIMARY KEY (`feedback_id`)
) ENGINE=InnoDB DEFAULT CHARSET=utf8mb4 COLLATE=utf8mb4_0900_ai_ci;
/*!40101 SET character_set_client = @saved_cs_client */;

--
-- Dumping data for table `library_feedback`
--

LOCK
TABLES `library_feedback` WRITE;
/*!40000 ALTER TABLE `library_feedback` DISABLE KEYS */;
INSERT INTO `library_feedback`
VALUES ('a11be44d-8b0b-475c-8f29-958772f22140', 'schoolId', 'e238fe10-cd9c-4196-9b42-8db2722a69d5', 'aaa', 'aasdads', 3,
        '2024-05-08 09:54:40');
/*!40000 ALTER TABLE `library_feedback` ENABLE KEYS */;
UNLOCK
TABLES;

--
-- Table structure for table `library_room`
--

DROP TABLE IF EXISTS `library_room`;
/*!40101 SET @saved_cs_client     = @@character_set_client */;
/*!50503 SET character_set_client = utf8mb4 */;
CREATE TABLE `library_room`
(
    `room_id`    varchar(100) NOT NULL COMMENT '图书室id',
    `library_id` varchar(100) DEFAULT NULL COMMENT '图书馆Id',
    `name`       varchar(200) DEFAULT NULL COMMENT '图书室名字',
    `descs`      varchar(300) DEFAULT NULL COMMENT '图书室描述',
    `seat_num`   int          DEFAULT NULL COMMENT '座位数量',
    PRIMARY KEY (`room_id`)
) ENGINE=InnoDB DEFAULT CHARSET=utf8mb4 COLLATE=utf8mb4_0900_ai_ci;
/*!40101 SET character_set_client = @saved_cs_client */;

--
-- Dumping data for table `library_room`
--

LOCK
TABLES `library_room` WRITE;
/*!40000 ALTER TABLE `library_room` DISABLE KEYS */;
INSERT INTO `library_room`
VALUES ('dsackacbjakcaw3', 'jdgchvauajkuvbh', '一楼阅览室', '一楼阅览室', 12),
       ('dsackacbjakcdfw4', 'jdgchvauajkuvbh', '二楼阅览室', '二楼阅览室', 12),
       ('dsackacsvjakcaw1', 'jdgchvauajkavavvbh', '一楼电脑室', '一楼电脑室', 12),
       ('dsavasckacbjakcaw2', 'jdgchvauajkavavvbh', '二楼电脑室', '二楼电脑室', 12);
/*!40000 ALTER TABLE `library_room` ENABLE KEYS */;
UNLOCK
TABLES;

--
-- Table structure for table `library_room_stop`
--

DROP TABLE IF EXISTS `library_room_stop`;
/*!40101 SET @saved_cs_client     = @@character_set_client */;
/*!50503 SET character_set_client = utf8mb4 */;
CREATE TABLE `library_room_stop`
(
    `id`        varchar(100) NOT NULL COMMENT 'id',
    `room_id`   varchar(100) DEFAULT NULL COMMENT '图书室id',
    `stop_date` date         DEFAULT NULL COMMENT '暂停开放日期 0000-00-00',
    PRIMARY KEY (`id`)
) ENGINE=InnoDB DEFAULT CHARSET=utf8mb4 COLLATE=utf8mb4_0900_ai_ci;
/*!40101 SET character_set_client = @saved_cs_client */;

--
-- Dumping data for table `library_room_stop`
--

LOCK
TABLES `library_room_stop` WRITE;
/*!40000 ALTER TABLE `library_room_stop` DISABLE KEYS */;
/*!40000 ALTER TABLE `library_room_stop` ENABLE KEYS */;
UNLOCK
TABLES;

--
-- Table structure for table `library_seat`
--

DROP TABLE IF EXISTS `library_seat`;
/*!40101 SET @saved_cs_client     = @@character_set_client */;
/*!50503 SET character_set_client = utf8mb4 */;
CREATE TABLE `library_seat`
(
    `seat_id`   varchar(100) NOT NULL COMMENT '座位id',
    `room_id`   varchar(100) DEFAULT NULL COMMENT '图书室id',
    `name`      varchar(20)  DEFAULT NULL COMMENT '座位名称',
    `repair`    tinyint(1) DEFAULT NULL COMMENT '维修状态',
    `x`         int          DEFAULT NULL COMMENT 'x坐标',
    `y`         int          DEFAULT NULL COMMENT 'y坐标',
    `direction` smallint     DEFAULT NULL COMMENT '方向',
    `width`     int          DEFAULT NULL COMMENT '宽',
    `height`    int          DEFAULT NULL COMMENT '高',
    PRIMARY KEY (`seat_id`)
) ENGINE=InnoDB DEFAULT CHARSET=utf8mb4 COLLATE=utf8mb4_0900_ai_ci;
/*!40101 SET character_set_client = @saved_cs_client */;

--
-- Dumping data for table `library_seat`
--

LOCK
TABLES `library_seat` WRITE;
/*!40000 ALTER TABLE `library_seat` DISABLE KEYS */;
INSERT INTO `library_seat`
VALUES ('0akn9ykp8mdddve7wog81', 'dsackacsvjakcaw1', '0qiq17z1sms', 0, 12, 3, 2, 1, 1),
       ('17f4r84y8q9', 'dsackacbjakcaw3', 'ue4na9jk6to', 0, 14, 12, 1, 1, 1),
       ('1xf2tqi8kinizkfv5hweu9', 'dsackacbjakcdfw4', 'rt4mx548z6d', 0, 2, 2, 1, 1, 1),
       ('2623djj8c2zdyvclugx8qc', 'dsackacsvjakcaw1', '5lp3vwhw8r8', 0, 9, 6, 2, 1, 1),
       ('2k5msqu15wnw3xde5dedsb', 'dsackacsvjakcaw1', 'cc24e06r80w', 0, 7, 11, 0, 1, 1),
       ('3k9wwycvuy7fyuwajakiys', 'dsackacsvjakcaw1', 'zs6gophq5l', 0, 11, 9, 2, 1, 1),
       ('3ldfv7xoitg1csczsfvbz3', 'dsackacsvjakcaw1', 'ypwnls2xvqc', 0, 7, 1, 0, 1, 1),
       ('3ridr0z3z6opccrxa653er', 'dsackacsvjakcaw1', 'fwlecor6wkf', 0, 3, 9, 2, 1, 1),
       ('40d8kjckt2h0b36e2npsujo', 'dsackacbjakcdfw4', 'u44y9rnvqb', 0, 0, 1, 3, 1, 1),
       ('44gvbn9t85eqbn6zex4nlr', 'dsackacbjakcdfw4', 'dw42dsamcvm', 0, 4, 1, 3, 1, 1),
       ('49lmomv82vx', 'dsackacbjakcaw3', 'xnd4inepiz', 0, 14, 13, 1, 1, 1),
       ('5plu8p4hxx8qlkzx5cgw0r', 'dsackacsvjakcaw1', '3iphx891y6', 0, 3, 4, 0, 1, 1),
       ('63zzr2lwagxq2g40v972ig', 'dsackacbjakcdfw4', 'd7qtdebyt68', 0, 2, 3, 1, 1, 1),
       ('6blel019tpm9or7agaeprs', 'dsackacsvjakcaw1', 'xfxmbu81imq', 0, 4, 7, 0, 1, 1),
       ('6f13z12wma6dkkgqbpfd2o', 'dsackacsvjakcaw1', 'c1kjdqetlh6', 0, 10, 4, 0, 1, 1),
       ('6hj1wxa4ftctzogbt3iqmo', 'dsackacbjakcdfw4', 'alselxu01qn', 0, 4, 0, 3, 1, 1),
       ('6jdfk5c3r7ez5aho984dal', 'dsackacsvjakcaw1', 'hc3z0j8yji', 0, 4, 4, 0, 1, 1),
       ('6zh02j091822g01boa4ydw', 'dsackacsvjakcaw1', 'u89jc8rrqel', 0, 5, 9, 2, 1, 1),
       ('754kgrs9qdozjahr7ixygq', 'dsackacbjakcdfw4', 'va0gjcggda', 0, 6, 0, 1, 1, 1),
       ('7783s9drl2x', 'dsackacbjakcaw3', '7lezi1ljr79', 0, 11, 12, 1, 1, 1),
       ('77za5wemjx4ap72f1q4e6r', 'dsackacsvjakcaw1', '1h241rfylug', 0, 5, 6, 2, 1, 1),
       ('7pfy8qhfi1dvro1qee80mk', 'dsackacsvjakcaw1', 'dzun8gbr41', 0, 1, 9, 2, 1, 1),
       ('7xt8bxzt18hr18wbkywwbd', 'dsackacsvjakcaw1', '9nai6z75a4h', 0, 1, 1, 0, 1, 1),
       ('81tpqm5x8r5h06h67ndki', 'dsackacsvjakcaw1', 'fnvg9ljq9s7', 0, 10, 9, 2, 1, 1),
       ('8j67voxxvx8t0m0rc2ryqe', 'dsackacbjakcdfw4', 'ikbqsyhikw', 0, 6, 2, 1, 1, 1),
       ('8pcym8vs6qatceo83nt9i', 'dsackacsvjakcaw1', 'fbpy60tfkeq', 0, 8, 6, 2, 1, 1),
       ('8pzt7xyytcbrdcsbxptmq', 'dsackacsvjakcaw1', 'z48kz6f0ive', 0, 0, 6, 2, 1, 1),
       ('8sow51kodll6t25len3cvx', 'dsackacbjakcdfw4', 'a7p8c0hu34k', 0, 0, 2, 3, 1, 1),
       ('8xzgk48wyyf9bdla0q0ztk', 'dsackacbjakcdfw4', 'jg4v78pfbej', 0, 0, 3, 3, 1, 1),
       ('95t7ha66d2k', 'dsackacbjakcaw3', 'zmb6oiuh6fk', 0, 15, 13, 3, 1, 1),
       ('9zk5e1x3xqj', 'dsackacbjakcaw3', '3bohomrw093', 0, 21, 12, 3, 1, 1),
       ('A1001', 'dsackacbjakcaw3', 'A1001', 0, 0, 0, 3, 11, 11),
       ('A1002', 'dsackacbjakcaw3', 'A1002', 0, 0, 1, 3, 11, 11),
       ('A1003', 'dsackacbjakcaw3', 'A1003', 0, 2, 0, 1, 11, 11),
       ('A1004', 'dsackacbjakcaw3', 'A1004', 0, 2, 1, 1, 11, 11),
       ('A1005', 'dsackacbjakcaw3', 'A1005', 0, 3, 0, 3, 11, 11),
       ('A1006', 'dsackacbjakcaw3', 'A1006', 0, 3, 1, 3, 11, 11),
       ('A1007', 'dsackacbjakcaw3', 'A1007', 0, 5, 0, 1, 11, 11),
       ('A1008', 'dsackacbjakcaw3', 'A1008', 0, 5, 1, 1, 11, 11),
       ('A1009', 'dsackacbjakcaw3', 'A1009', 0, 6, 0, 3, 11, 11),
       ('A1010', 'dsackacbjakcaw3', 'A1010', 0, 6, 1, 3, 11, 11),
       ('A1011', 'dsackacbjakcaw3', 'A1011', 0, 8, 0, 1, 11, 11),
       ('A1012', 'dsackacbjakcaw3', 'A1012', 0, 8, 1, 1, 11, 11),
       ('A1013', 'dsackacbjakcaw3', 'A1013', 0, 9, 0, 3, 11, 11),
       ('A1014', 'dsackacbjakcaw3', 'A1014', 0, 9, 1, 3, 11, 11),
       ('A1015', 'dsackacbjakcaw3', 'A1015', 0, 11, 0, 1, 11, 11),
       ('A1016', 'dsackacbjakcaw3', 'A1016', 0, 11, 1, 1, 11, 11),
       ('A1017', 'dsackacbjakcaw3', 'A1017', 0, 12, 0, 3, 11, 11),
       ('A1018', 'dsackacbjakcaw3', 'A1018', 0, 12, 1, 3, 11, 11),
       ('A1019', 'dsackacbjakcaw3', 'A1019', 0, 14, 0, 1, 11, 11),
       ('A1020', 'dsackacbjakcaw3', 'A1020', 0, 14, 1, 1, 11, 11),
       ('A1021', 'dsackacbjakcaw3', 'A1021', 0, 15, 0, 3, 11, 11),
       ('A1022', 'dsackacbjakcaw3', 'A1022', 0, 15, 1, 3, 11, 11),
       ('A1023', 'dsackacbjakcaw3', 'A1023', 0, 17, 0, 1, 11, 11),
       ('A1024', 'dsackacbjakcaw3', 'A1024', 0, 17, 1, 1, 11, 11),
       ('A1025', 'dsackacbjakcaw3', 'A1025', 0, 0, 3, 3, 11, 11),
       ('A1026', 'dsackacbjakcaw3', 'A1026', 0, 0, 4, 3, 11, 11),
       ('A1027', 'dsackacbjakcaw3', 'A1027', 0, 2, 3, 1, 11, 11),
       ('A1028', 'dsackacbjakcaw3', 'A1028', 0, 2, 4, 1, 11, 11),
       ('A1029', 'dsackacbjakcaw3', 'A1029', 0, 3, 3, 3, 11, 11),
       ('A1030', 'dsackacbjakcaw3', 'A1030', 0, 3, 4, 3, 11, 11),
       ('A1031', 'dsackacbjakcaw3', 'A1031', 0, 5, 3, 1, 11, 11),
       ('A1032', 'dsackacbjakcaw3', 'A1032', 0, 5, 4, 1, 11, 11),
       ('A1033', 'dsackacbjakcaw3', 'A1033', 0, 6, 3, 3, 11, 11),
       ('A1034', 'dsackacbjakcaw3', 'A1134', 0, 6, 4, 3, 11, 11),
       ('A1035', 'dsackacbjakcaw3', 'A1135', 0, 8, 3, 1, 11, 11),
       ('A1036', 'dsackacbjakcaw3', 'A1136', 0, 8, 4, 1, 11, 11),
       ('A1037', 'dsackacbjakcaw3', 'A109', 0, 9, 3, 3, 11, 11),
       ('A1038', 'dsackacbjakcaw3', 'A110', 0, 9, 4, 3, 11, 11),
       ('A1039', 'dsackacbjakcaw3', 'A111', 0, 11, 3, 1, 11, 11),
       ('A1040', 'dsackacbjakcaw3', 'A112', 0, 11, 4, 1, 11, 11),
       ('A1041', 'dsackacbjakcaw3', 'A109', 0, 12, 4, 3, 11, 11),
       ('A1042', 'dsackacbjakcaw3', 'A110', 0, 12, 3, 3, 11, 11),
       ('A1043', 'dsackacbjakcaw3', 'A111', 0, 14, 4, 1, 11, 11),
       ('A1044', 'dsackacbjakcaw3', 'A112', 0, 14, 3, 1, 11, 11),
       ('A1045', 'dsackacbjakcaw3', 'A109', 0, 15, 4, 3, 11, 11),
       ('A1046', 'dsackacbjakcaw3', 'A110', 0, 15, 3, 3, 11, 11),
       ('A1047', 'dsackacbjakcaw3', 'A111', 0, 17, 4, 1, 11, 11),
       ('A1048', 'dsackacbjakcaw3', 'A112', 0, 17, 3, 1, 11, 11),
       ('A1049', 'dsackacbjakcaw3', 'A101', 0, 0, 7, 3, 11, 11),
       ('A1050', 'dsackacbjakcaw3', 'A102', 0, 0, 6, 3, 11, 11),
       ('A1051', 'dsackacbjakcaw3', 'A103', 0, 2, 7, 1, 11, 11),
       ('A1052', 'dsackacbjakcaw3', 'A104', 0, 2, 6, 1, 11, 11),
       ('A1053', 'dsackacbjakcaw3', 'A105', 0, 3, 7, 3, 11, 11),
       ('A1054', 'dsackacbjakcaw3', 'A106', 0, 3, 6, 3, 11, 11),
       ('A1055', 'dsackacbjakcaw3', 'A107', 0, 5, 7, 1, 11, 11),
       ('A1056', 'dsackacbjakcaw3', 'A108', 0, 5, 6, 1, 11, 11),
       ('A1057', 'dsackacbjakcaw3', 'A109', 0, 6, 7, 3, 11, 11),
       ('A1058', 'dsackacbjakcaw3', 'A110', 0, 6, 6, 3, 11, 11),
       ('A1059', 'dsackacbjakcaw3', 'A111', 0, 8, 7, 1, 11, 11),
       ('A1060', 'dsackacbjakcaw3', 'A112', 0, 8, 6, 1, 11, 11),
       ('A1061', 'dsackacbjakcaw3', 'A109', 0, 9, 7, 3, 11, 11),
       ('A1062', 'dsackacbjakcaw3', 'A110', 0, 9, 6, 3, 11, 11),
       ('A1063', 'dsackacbjakcaw3', 'A111', 0, 11, 7, 1, 11, 11),
       ('A1064', 'dsackacbjakcaw3', 'A112', 0, 11, 6, 1, 11, 11),
       ('A1065', 'dsackacbjakcaw3', 'A109', 0, 12, 7, 3, 11, 11),
       ('A1066', 'dsackacbjakcaw3', 'A110', 0, 12, 6, 3, 11, 11),
       ('A1067', 'dsackacbjakcaw3', 'A111', 0, 14, 7, 1, 11, 11),
       ('A1068', 'dsackacbjakcaw3', 'A112', 0, 14, 6, 1, 11, 11),
       ('A1069', 'dsackacbjakcaw3', 'A109', 0, 15, 7, 3, 11, 11),
       ('A1070', 'dsackacbjakcaw3', 'A110', 0, 15, 6, 3, 11, 11),
       ('A1071', 'dsackacbjakcaw3', 'A111', 0, 17, 7, 1, 11, 11),
       ('A1072', 'dsackacbjakcaw3', 'A112', 0, 17, 6, 1, 11, 11),
       ('A1073', 'dsackacbjakcaw3', 'A101', 0, 0, 10, 3, 11, 11),
       ('A1074', 'dsackacbjakcaw3', 'A102', 0, 0, 9, 3, 11, 11),
       ('A1075', 'dsackacbjakcaw3', 'A103', 0, 2, 10, 1, 11, 11),
       ('A1076', 'dsackacbjakcaw3', 'A104', 0, 2, 9, 1, 11, 11),
       ('A1077', 'dsackacbjakcaw3', 'A105', 0, 3, 10, 3, 11, 11),
       ('A1078', 'dsackacbjakcaw3', 'A106', 0, 3, 9, 3, 11, 11),
       ('A1079', 'dsackacbjakcaw3', 'A107', 0, 5, 10, 1, 11, 11),
       ('A1080', 'dsackacbjakcaw3', 'A108', 0, 5, 9, 1, 11, 11),
       ('A1081', 'dsackacbjakcaw3', 'A109', 0, 6, 10, 3, 11, 11),
       ('A1082', 'dsackacbjakcaw3', 'A110', 0, 6, 9, 3, 11, 11),
       ('A1083', 'dsackacbjakcaw3', 'A111', 0, 8, 10, 1, 11, 11),
       ('A1084', 'dsackacbjakcaw3', 'A112', 0, 8, 9, 1, 11, 11),
       ('A1085', 'dsackacbjakcaw3', 'A109', 0, 9, 10, 3, 11, 11),
       ('A1086', 'dsackacbjakcaw3', 'A110', 0, 9, 9, 3, 11, 11),
       ('A1087', 'dsackacbjakcaw3', 'A111', 0, 11, 10, 1, 11, 11),
       ('A1088', 'dsackacbjakcaw3', 'A112', 0, 11, 9, 1, 11, 11),
       ('A1089', 'dsackacbjakcaw3', 'A109', 0, 12, 10, 3, 11, 11),
       ('A1090', 'dsackacbjakcaw3', 'A110', 0, 12, 9, 3, 11, 11),
       ('A1091', 'dsackacbjakcaw3', 'A111', 0, 14, 10, 1, 11, 11),
       ('A1092', 'dsackacbjakcaw3', 'A112', 0, 14, 9, 1, 11, 11),
       ('A1093', 'dsackacbjakcaw3', 'A109', 0, 15, 10, 3, 11, 11),
       ('A1094', 'dsackacbjakcaw3', 'A110', 0, 15, 9, 3, 11, 11),
       ('A1095', 'dsackacbjakcaw3', 'A111', 0, 17, 10, 1, 11, 11),
       ('A1096', 'dsackacbjakcaw3', 'A112', 0, 17, 9, 1, 11, 11),
       ('A1200', 'dsackacbjakcaw3', 'A1200', 0, 18, 6, 3, 11, 11),
       ('A1201', 'dsackacbjakcaw3', 'A1201', 0, 18, 7, 3, 11, 11),
       ('A1202', 'dsackacbjakcaw3', 'A1202', 0, 20, 6, 1, 11, 11),
       ('A1203', 'dsackacbjakcaw3', 'A1203', 0, 20, 7, 1, 11, 11),
       ('A1205', 'dsackacbjakcaw3', 'A109', 0, 18, 10, 3, 11, 11),
       ('A1206', 'dsackacbjakcaw3', 'A110', 0, 18, 9, 3, 11, 11),
       ('A1207', 'dsackacbjakcaw3', 'A111', 0, 20, 10, 1, 11, 11),
       ('A1208', 'dsackacbjakcaw3', 'A112', 0, 20, 9, 1, 11, 11),
       ('A1209', 'dsackacbjakcaw3', 'A109', 0, 3, 13, 3, 11, 11),
       ('A1210', 'dsackacbjakcaw3', 'A110', 0, 3, 12, 3, 11, 11),
       ('A1211', 'dsackacbjakcaw3', 'A111', 0, 5, 13, 1, 11, 11),
       ('A1212', 'dsackacbjakcaw3', 'A112', 0, 5, 12, 1, 11, 11),
       ('A1213', 'dsackacbjakcaw3', 'A109', 0, 0, 13, 3, 11, 11),
       ('A1214', 'dsackacbjakcaw3', 'A110', 0, 0, 12, 3, 11, 11),
       ('A1215', 'dsackacbjakcaw3', 'A111', 0, 2, 13, 1, 11, 11),
       ('A1216', 'dsackacbjakcaw3', 'A112', 0, 2, 12, 1, 11, 11),
       ('A1217', 'dsackacbjakcaw3', 'A109', 0, 21, 0, 3, 11, 11),
       ('A1218', 'dsackacbjakcaw3', 'A110', 0, 18, 4, 3, 11, 11),
       ('A1219', 'dsackacbjakcaw3', 'A111', 0, 21, 3, 3, 11, 11),
       ('A1220', 'dsackacbjakcaw3', 'A112', 0, 21, 4, 3, 11, 11),
       ('A1221', 'dsackacbjakcaw3', 'A109', 0, 18, 0, 3, 11, 11),
       ('A1222', 'dsackacbjakcaw3', 'A110', 0, 21, 1, 3, 11, 11),
       ('A1223', 'dsackacbjakcaw3', 'A111', 0, 18, 3, 3, 11, 11),
       ('A1224', 'dsackacbjakcaw3', 'A112', 0, 18, 1, 3, 11, 11),
       ('A1225', 'dsackacbjakcaw3', 'A109', 0, 20, 4, 1, 11, 11),
       ('A1226', 'dsackacbjakcaw3', 'A110', 0, 20, 3, 1, 11, 11),
       ('A1227', 'dsackacbjakcaw3', 'A111', 0, 23, 4, 1, 11, 11),
       ('A1228', 'dsackacbjakcaw3', 'A112', 0, 23, 3, 1, 11, 11),
       ('A1229', 'dsackacbjakcaw3', 'A109', 0, 20, 1, 1, 11, 11),
       ('A1230', 'dsackacbjakcaw3', 'A110', 0, 20, 0, 1, 11, 11),
       ('A1231', 'dsackacbjakcaw3', 'A111', 0, 23, 0, 1, 11, 11),
       ('A1232', 'dsackacbjakcaw3', 'A112', 0, 23, 1, 1, 11, 11),
       ('absfghll8zmxckx8b98xs', 'dsackacbjakcdfw4', 'ebksy3frw3', 0, 6, 3, 1, 1, 1),
       ('aq5uo86dagk', 'dsackacbjakcaw3', 'igeaf4pe1x', 0, 20, 13, 1, 1, 1),
       ('az42fyqvdh7ryf0yfb3tgm', 'dsackacbjakcdfw4', 'wc3w3fcdphp', 0, 2, 1, 1, 1, 1),
       ('b9ax6pi6wehp5236qljmp7', 'dsackacsvjakcaw1', 'lyf52uun7tm', 0, 5, 3, 2, 1, 1),
       ('bzagjxss0graf2670zkueq', 'dsackacsvjakcaw1', 'co7jiaytond', 0, 12, 7, 0, 1, 1),
       ('bzccltml5u', 'dsackacbjakcaw3', '6xzktzftum7', 0, 11, 13, 1, 1, 1),
       ('c03foqmbq6t8g2gcf3oq', 'dsackacsvjakcaw1', '3fox3u6d56b', 0, 2, 3, 2, 1, 1),
       ('c6awt9bvqff6hr0shasojk', 'dsackacsvjakcaw1', '4yvur3pvv3h', 0, 8, 1, 0, 1, 1),
       ('ceh8srm0ctq', 'dsackacbjakcaw3', 'g4scfpywbxr', 0, 9, 13, 3, 1, 1),
       ('cp7vodfwrlzxsnx4w6xr', 'dsackacbjakcdfw4', '9p2vfotchnn', 0, 0, 0, 3, 1, 1),
       ('cq19u6d0wl', 'dsackacbjakcaw3', 'glbhs240owj', 0, 21, 7, 3, 1, 1),
       ('cr4ly8v0bna7f75y69u4p3', 'dsackacsvjakcaw1', 'tjzleqzodlh', 0, 4, 3, 2, 1, 1),
       ('crndojo2lar614a8kbw62', 'dsackacsvjakcaw1', '3dp3yx6tbvy', 0, 9, 1, 0, 1, 1),
       ('cwtwuaqzws7s0ik8qj5cie', 'dsackacsvjakcaw1', 'skm481jp1ba', 0, 0, 4, 0, 1, 1),
       ('d6v5irx2anw3rv69pmak92', 'dsackacsvjakcaw1', 'm9v02mt5guk', 0, 4, 1, 0, 1, 1),
       ('d79ugbesn2u2t29fl598qd', 'dsackacsvjakcaw1', 'r1vk1y9pqy8', 0, 2, 7, 0, 1, 1),
       ('e39ap7ybot', 'dsackacbjakcaw3', 'l5d4oy8l8e', 0, 17, 12, 1, 1, 1),
       ('e6pjfomui0r', 'dsackacbjakcaw3', 's7u8qg2qd6n', 0, 15, 12, 3, 1, 1),
       ('em6pfv1vhasbrvwd6eo8lf', 'dsackacsvjakcaw1', 'b5td1hqbku', 0, 11, 6, 2, 1, 1),
       ('geoq0pjrz4c906t4z9jvo', 'dsackacsvjakcaw1', 'hxugb5v3kiu', 0, 9, 7, 0, 1, 1),
       ('glps0ulzej4', 'dsackacbjakcaw3', 'yu2fos3mbed', 0, 23, 7, 1, 1, 1),
       ('hbyr45xktlw74s1ldpjfqq', 'dsackacsvjakcaw1', 'tz2yg40zzs', 0, 8, 4, 0, 1, 1),
       ('hf7tam2a06n', 'dsackacbjakcaw3', '0hmoq4ole80i', 0, 12, 13, 3, 1, 1),
       ('hqaehfipelnybzbnqxx5dd', 'dsackacsvjakcaw1', 'hd9ejtzk8ua', 0, 8, 7, 0, 1, 1),
       ('hs8zaj0e5kr', 'dsackacbjakcaw3', '6n10m7qfssl', 0, 6, 12, 3, 1, 1),
       ('i17ks3ckuw8pnf2gtlnn5', 'dsackacsvjakcaw1', 'u9zjcjirau', 0, 8, 9, 2, 1, 1),
       ('i46cxyzy2fykjfrtwjdz', 'dsackacsvjakcaw1', '9p2foiqygot', 0, 6, 11, 2, 1, 1),
       ('ilny6fwj9lstyo5mdmwue', 'dsackacsvjakcaw1', 'on9lxwjch3l', 0, 9, 4, 0, 1, 1),
       ('ipo5uslaoospli8ksz830s', 'dsackacbjakcdfw4', 'woqnn9oknvj', 0, 6, 1, 1, 1, 1),
       ('j8zptv91llerszhemla3y8', 'dsackacbjakcdfw4', 'lb7b7op72eo', 0, 4, 2, 3, 1, 1),
       ('jfoo99n8y24gfh9zuh0ql', 'dsackacsvjakcaw1', 'tvruqnqli78', 0, 11, 7, 0, 1, 1),
       ('jkbc194tuc55ystq576cm', 'dsackacsvjakcaw1', 'zh1d52kyyia', 0, 8, 3, 2, 1, 1),
       ('ju2t1qqyihp', 'dsackacbjakcaw3', '3lx4f8izznm', 0, 23, 10, 1, 1, 1),
       ('juh94rac60nvo75pxh6ff', 'dsackacsvjakcaw1', 'ywm95en4mgj', 0, 10, 6, 2, 1, 1),
       ('kb2taxa7sapyyilgn0o45b', 'dsackacsvjakcaw1', 'ad2sd3kjlo', 0, 0, 1, 0, 1, 1),
       ('kdom068atyh5p6ph32oavh', 'dsackacsvjakcaw1', 'nmfycapphun', 0, 7, 6, 2, 1, 1),
       ('lc2dnaf1wnp', 'dsackacbjakcaw3', 'xchg4d113lh', 0, 17, 13, 1, 1, 1),
       ('lga9h3qybgb06v6fxa57zea', 'dsackacsvjakcaw1', '3m5lyasderl', 0, 7, 4, 0, 1, 1),
       ('ltxfjcurj3e', 'dsackacbjakcaw3', 'qrnxmqb8ey', 0, 12, 12, 3, 1, 1),
       ('mme0t3zi8q', 'dsackacbjakcaw3', 'wqt3gpf4mz', 0, 21, 13, 3, 1, 1),
       ('mqllremecaj0cg28ez04hmg', 'dsackacbjakcdfw4', '2flg6iagull', 0, 4, 3, 3, 1, 1),
       ('mujcu5iuq3npo0eqlkfol', 'dsackacsvjakcaw1', 'tzf3zrhylb', 0, 5, 1, 0, 1, 1),
       ('ncqnv9fis8z23pqyoztja', 'dsackacsvjakcaw1', 'sn4py785ao', 0, 0, 3, 2, 1, 1),
       ('niret6widxlo38o1hu5r7', 'dsackacsvjakcaw1', '58nlzuouogf', 0, 12, 9, 2, 1, 1),
       ('nk7vgcbh5oq4uchufdi3n', 'dsackacsvjakcaw1', 'u8m1m2bmrac', 0, 12, 4, 0, 1, 1),
       ('np4vak5jsp', 'dsackacbjakcaw3', '0k0cmg0knry', 0, 21, 6, 3, 1, 1),
       ('nprkt3uxfyrrj281yovt9', 'dsackacsvjakcaw1', 'x8bs0e8m8j', 0, 3, 1, 0, 1, 1),
       ('nr766n7kgi8fpzhrliz85s', 'dsackacsvjakcaw1', 'ozgdngc22qq', 0, 11, 1, 0, 1, 1),
       ('o1rvbrufc5g', 'dsackacbjakcaw3', 'du371194q1l', 0, 23, 6, 1, 1, 1),
       ('oss5nx24um', 'dsackacbjakcaw3', 'g2jxntuiiyk', 0, 18, 13, 3, 1, 1),
       ('p3ibremnbz9fnyqjqwqfw', 'dsackacsvjakcaw1', 'xehnjbujyro', 0, 3, 7, 0, 1, 1),
       ('p3xvmzjpinrx3glchlfe6', 'dsackacsvjakcaw1', '2j20r7f58ip', 0, 10, 3, 2, 1, 1),
       ('p951ydfb4umhto336jycxj', 'dsackacsvjakcaw1', 'scoukpzp16c', 0, 5, 4, 0, 1, 1),
       ('qacs5ld6qns5tcshrrka9', 'dsackacsvjakcaw1', '9wor7zfn058', 0, 7, 9, 2, 1, 1),
       ('qs52hlhhvdl', 'dsackacbjakcaw3', '51bllm1p0b', 0, 6, 13, 3, 1, 1),
       ('qt327egeew', 'dsackacbjakcaw3', 'epqyh67e1tl', 0, 21, 9, 3, 1, 1),
       ('quk2cqgkgmiy008msub8zl', 'dsackacsvjakcaw1', 'jp4cw7svbh', 0, 3, 3, 2, 1, 1),
       ('rg99so0bhn8j6ko2h7kakq', 'dsackacsvjakcaw1', 'ntu2wdi5mq', 0, 3, 6, 2, 1, 1),
       ('s0pfo2n471m', 'dsackacbjakcaw3', '0zmzukvaxe1g', 0, 21, 10, 3, 1, 1),
       ('sf907f9iok56zctgzj7sm', 'dsackacsvjakcaw1', '6fhaii2qcmp', 0, 11, 3, 2, 1, 1),
       ('snu754yh52', 'dsackacbjakcaw3', 'm3zbrqfpzr', 0, 23, 13, 1, 1, 1),
       ('t48754c0df', 'dsackacbjakcaw3', '90u0dfwcpyg', 0, 9, 12, 3, 1, 1),
       ('t9v026qhbx', 'dsackacbjakcaw3', '0zcjs3alfpdb', 0, 23, 9, 1, 1, 1),
       ('u02okram64bi06t6gafhlf', 'dsackacbjakcdfw4', 'pd4gbbsz2f', 0, 2, 0, 1, 1, 1),
       ('ucbdna3vbjrh1eumzxf4wk', 'dsackacsvjakcaw1', '6qubgxc1ku3', 0, 11, 4, 0, 1, 1),
       ('uicnkvoabho', 'dsackacbjakcaw3', '4qebigbyaxh', 0, 8, 12, 3, 1, 1),
       ('unn8furhvnjpu7gbabjan', 'dsackacsvjakcaw1', '5ml4misvkgs', 0, 1, 3, 2, 1, 1),
       ('uss4rhmxe89ncpg38ivnv', 'dsackacsvjakcaw1', 'ck7jd1xq44w', 0, 7, 3, 2, 1, 1),
       ('v1dljci1e5oycz0wuz27p', 'dsackacsvjakcaw1', 'xr6cfdinkas', 0, 10, 1, 0, 1, 1),
       ('v3db0m49snfuf27f8xjy6i', 'dsackacsvjakcaw1', 'yqxuq2rns7', 0, 1, 4, 0, 1, 1),
       ('vfc0vptj38j71e11nt9ewa', 'dsackacsvjakcaw1', 'rww0b3xywng', 0, 1, 7, 0, 1, 1),
       ('vjb7xj55rm', 'dsackacbjakcaw3', '3y9ffixi8ze', 0, 18, 12, 3, 1, 1),
       ('vkdhxfpiktf22evdgwx1ab', 'dsackacsvjakcaw1', 'dgtumkhcd0o', 0, 5, 7, 0, 1, 1),
       ('vop6zp290dos08sntbwhs', 'dsackacsvjakcaw1', 'b7p2rzi40a5', 0, 12, 6, 2, 1, 1),
       ('vprxn8fjdeeqge9yqdnp3', 'dsackacsvjakcaw1', '455497sxw38', 0, 2, 1, 0, 1, 1),
       ('vqc6lvjd74je7zjboc5jt', 'dsackacsvjakcaw1', 'hs6gkbmtodg', 0, 7, 7, 0, 1, 1),
       ('w0f82xi6qwm5njxtfs4pge', 'dsackacsvjakcaw1', 'oa8dyzfvb4h', 0, 4, 6, 2, 1, 1),
       ('wa9pfhfl9q0j1xe551hl3k', 'dsackacsvjakcaw1', 'maab7viba2d', 0, 12, 1, 0, 1, 1),
       ('ws3lxhgd3cksv6pp5yfzw', 'dsackacsvjakcaw1', '7d63fxlq57q', 0, 0, 9, 2, 1, 1),
       ('x3eh1wqk7i', 'dsackacbjakcaw3', 'pxvjbrchw1', 0, 23, 12, 1, 1, 1),
       ('x8sc0we97zjziie04a0k', 'dsackacsvjakcaw1', 'e3eop46oefv', 0, 2, 6, 2, 1, 1),
       ('xe8ywvtakbjrucpqqpb0g', 'dsackacsvjakcaw1', 'ffqksj3kpch', 0, 2, 4, 0, 1, 1),
       ('xeoqe9f5wo4rve2fshyu7', 'dsackacsvjakcaw1', 'w1lc2r1x4at', 0, 9, 3, 2, 1, 1),
       ('xk460lyxwyflnx7oirt23o', 'dsackacsvjakcaw1', 'nfom781zmi', 0, 0, 7, 0, 1, 1),
       ('xlh7k95g4si1lik6s1qu7o', 'dsackacsvjakcaw1', 'bxhmjabkqgc', 0, 4, 9, 2, 1, 1),
       ('y70pfa5tiod', 'dsackacbjakcaw3', 'k7gwu3i8cb', 0, 8, 13, 3, 1, 1),
       ('ycrdrmifijaaizebkjcl9', 'dsackacsvjakcaw1', 'abh8smh1il6', 0, 10, 7, 0, 1, 1),
       ('yor5s9e72ji', 'dsackacbjakcaw3', 'j8bpzmxteph', 0, 20, 12, 1, 1, 1),
       ('ysrlfeaxrok5kyd5aenwcd', 'dsackacsvjakcaw1', 'wtm2pdcerxn', 0, 9, 9, 2, 1, 1),
       ('z8ro382ccbcdwo7uecayer', 'dsackacsvjakcaw1', '4w9xevfvf7', 0, 2, 9, 2, 1, 1),
       ('zu9dwdsin633kpydqob2h', 'dsackacsvjakcaw1', 'oc1h6shaj0l', 0, 1, 6, 2, 1, 1);
/*!40000 ALTER TABLE `library_seat` ENABLE KEYS */;
UNLOCK
TABLES;

--
-- Table structure for table `library_table`
--

DROP TABLE IF EXISTS `library_table`;
/*!40101 SET @saved_cs_client     = @@character_set_client */;
/*!50503 SET character_set_client = utf8mb4 */;
CREATE TABLE `library_table`
(
    `table_id`  varchar(100) NOT NULL COMMENT '桌子id',
    `room_id`   varchar(100) DEFAULT NULL COMMENT '图书室id',
    `name`      varchar(20)  DEFAULT NULL COMMENT '座位名称',
    `x`         int          DEFAULT NULL COMMENT 'x坐标',
    `y`         int          DEFAULT NULL COMMENT 'y坐标',
    `direction` smallint     DEFAULT NULL COMMENT '方向',
    `width`     int          DEFAULT NULL COMMENT '宽',
    `height`    int          DEFAULT NULL COMMENT '高',
    PRIMARY KEY (`table_id`)
) ENGINE=InnoDB DEFAULT CHARSET=utf8mb4 COLLATE=utf8mb4_0900_ai_ci;
/*!40101 SET character_set_client = @saved_cs_client */;

--
-- Dumping data for table `library_table`
--

LOCK
TABLES `library_table` WRITE;
/*!40000 ALTER TABLE `library_table` DISABLE KEYS */;
INSERT INTO `library_table`
VALUES ('1i5z4v6hovv', 'dsackacbjakcaw3', 'mnh7g429ocj', 22, 6, 0, 1, 1),
       ('1oi7c2ldkcjta5c38rhsf', 'dsackacsvjakcaw1', 'cadbc1h0yhh', 4, 2, 1, 1, 1),
       ('1t2ms90kupong2du1qqn9', 'dsackacsvjakcaw1', 'gkpi77wdndg', 7, 2, 1, 1, 1),
       ('25nz83hovogd58qywvf73b', 'dsackacsvjakcaw1', 'e3s5ojzhnt8', 4, 8, 1, 1, 1),
       ('2ejczagty08', 'dsackacbjakcaw3', 'a9wt2tn7r3w', 10, 12, 0, 1, 1),
       ('2jl5vm757di6nlyxbz9cr9', 'dsackacsvjakcaw1', 'tc7qoo7sjrm', 0, 8, 1, 1, 1),
       ('4dyxhgvbs5z7gl9ehc7v1h', 'dsackacsvjakcaw1', 'a3w879j2igd', 2, 8, 1, 1, 1),
       ('4eru0pca5pgv4hhhnspln', 'dsackacsvjakcaw1', 'tbctse3g25', 5, 10, 1, 1, 1),
       ('76sm10y24ebphut0ow43vc', 'dsackacsvjakcaw1', '3kxlsfxcy3y', 0, 5, 1, 1, 1),
       ('8lq8xu7m789m3t174ozaip', 'dsackacsvjakcaw1', 'uusrs71fr1', 11, 5, 1, 1, 1),
       ('8udwuzx0yafhijtne06a0b', 'dsackacsvjakcaw1', 'iutdigurmb', 2, 2, 1, 1, 1),
       ('A01', 'dsackacbjakcaw3', 'A01', 1, 0, 0, 1, 2),
       ('A02', 'dsackacbjakcaw3', 'A02', 4, 0, 0, 1, 2),
       ('A03', 'dsackacbjakcaw3', 'A03', 7, 0, 0, 1, 2),
       ('A04', 'dsackacbjakcaw3', 'A04', 10, 0, 0, 1, 2),
       ('A05', 'dsackacbjakcaw3', 'A05', 13, 0, 0, 1, 2),
       ('A06', 'dsackacbjakcaw3', 'A06', 16, 0, 0, 1, 2),
       ('A07', 'dsackacbjakcaw3', 'A07', 1, 3, 0, 1, 2),
       ('A08', 'dsackacbjakcaw3', 'A08', 4, 3, 0, 1, 2),
       ('A09', 'dsackacbjakcaw3', 'A09', 7, 3, 0, 1, 2),
       ('A10', 'dsackacbjakcaw3', 'A10', 10, 3, 0, 1, 2),
       ('A11', 'dsackacbjakcaw3', 'A11', 13, 3, 0, 1, 2),
       ('A12', 'dsackacbjakcaw3', 'A06', 16, 3, 0, 1, 2),
       ('A13', 'dsackacbjakcaw3', 'A13', 1, 6, 0, 1, 2),
       ('A14', 'dsackacbjakcaw3', 'A14', 4, 6, 0, 1, 2),
       ('A15', 'dsackacbjakcaw3', 'A15', 7, 6, 0, 1, 2),
       ('A16', 'dsackacbjakcaw3', 'A16', 10, 6, 0, 1, 2),
       ('A17', 'dsackacbjakcaw3', 'A17', 13, 6, 0, 1, 2),
       ('A18', 'dsackacbjakcaw3', 'A06', 16, 6, 0, 1, 2),
       ('A19', 'dsackacbjakcaw3', 'A13', 1, 9, 0, 1, 2),
       ('A20', 'dsackacbjakcaw3', 'A14', 4, 9, 0, 1, 2),
       ('A21', 'dsackacbjakcaw3', 'A15', 7, 9, 0, 1, 2),
       ('A22', 'dsackacbjakcaw3', 'A16', 10, 9, 0, 1, 2),
       ('A23', 'dsackacbjakcaw3', 'A17', 13, 9, 0, 1, 2),
       ('A24', 'dsackacbjakcaw3', 'A18', 16, 9, 0, 1, 2),
       ('A25', 'dsackacbjakcaw3', 'A06', 19, 6, 0, 1, 2),
       ('A26', 'dsackacbjakcaw3', 'A06', 19, 9, 0, 1, 2),
       ('A27', 'dsackacbjakcaw3', 'A06', 4, 12, 0, 1, 2),
       ('A28', 'dsackacbjakcaw3', 'A18', 1, 12, 0, 1, 2),
       ('A29', 'dsackacbjakcaw3', 'A16', 19, 3, 0, 1, 2),
       ('A30', 'dsackacbjakcaw3', 'A17', 22, 3, 0, 1, 2),
       ('A31', 'dsackacbjakcaw3', 'A18', 19, 0, 0, 1, 2),
       ('A32', 'dsackacbjakcaw3', 'A18', 22, 0, 0, 1, 2),
       ('b7b8vsyhlsb78c5ufjjq5', 'dsackacsvjakcaw1', 'iescm3m7mf', 5, 10, 1, 1, 1),
       ('cfwtyb2cz7o', 'dsackacbjakcaw3', '47y61iosabc', 16, 12, 0, 1, 1),
       ('dd8g5nozwppwz01c9pfb5h', 'dsackacsvjakcaw1', 'cy2murrt43o', 4, 5, 1, 1, 1),
       ('dozgw9bg0dw97k3fjldyas', 'dsackacsvjakcaw1', 'rckljxz1stc', 7, 5, 1, 1, 1),
       ('h4euiefawbbyolnn1ddtt8', 'dsackacbjakcdfw4', 'yzsid7vzdmg', 5, 0, 0, 1, 1),
       ('hdjtxpcgyqhbab7lqhzt5s', 'dsackacbjakcdfw4', 'yemviu1ay7m', 1, 0, 0, 1, 1),
       ('hw9m6gn640p', 'dsackacbjakcaw3', 'u6cl1x7lqpr', 7, 12, 0, 1, 1),
       ('iig7q2i8ojo8v7sosxrqpg', 'dsackacsvjakcaw1', 'boygb8caxzm', 11, 2, 1, 1, 1),
       ('kdmwzqwg46k56mdoko2bf8', 'dsackacsvjakcaw1', '3mvwgetzfvj', 9, 5, 1, 1, 1),
       ('m3ogwh009ba6cy1gr0azr', 'dsackacsvjakcaw1', '509fvy1ivel', 0, 2, 1, 1, 1),
       ('mmmgkfrazb', 'dsackacbjakcaw3', 'k6vgeinkwdf', 22, 9, 0, 1, 1),
       ('qdv1qqux3tobc7askf7mnn', 'dsackacsvjakcaw1', 'nufh1k1qfj9', 7, 8, 1, 1, 1),
       ('rwrguhjbzdq1v58dzwnxok', 'dsackacbjakcdfw4', '62o9m7tx2fh', 5, 2, 0, 1, 1),
       ('sggwpayyahp', 'dsackacbjakcaw3', 'jqrf6jabc2h', 19, 12, 0, 1, 1),
       ('svbzx38c2za4mwhwl67y1v', 'dsackacsvjakcaw1', 't9nc71psck8', 9, 2, 1, 1, 1),
       ('vq9lcdrzphms1hg1iioe4', 'dsackacsvjakcaw1', 'lfncw1eal5', 2, 5, 1, 1, 1),
       ('wjwlqddqmjzdudogrywco', 'dsackacbjakcdfw4', '96ym1r9lzhw', 1, 2, 0, 1, 1),
       ('wq9y2qgwrln', 'dsackacbjakcaw3', 'gftnwg8f1wu', 22, 12, 0, 1, 1),
       ('wvzyfahk24oluzh4gppi6e', 'dsackacsvjakcaw1', 'u69axy2fns', 11, 8, 1, 1, 1),
       ('wzws9qpantn', 'dsackacbjakcaw3', 'so4zh7js67', 13, 12, 0, 1, 1),
       ('zfl45vka7yazcvm4tzs4hb', 'dsackacsvjakcaw1', 'mrbpcufmhw', 9, 8, 1, 1, 1),
       ('zso8k5ni0hgei7qzt05ql', 'dsackacsvjakcaw1', '8hhwomdimwl', 6, 10, 1, 1, 1);
/*!40000 ALTER TABLE `library_table` ENABLE KEYS */;
UNLOCK
TABLES;

--
-- Table structure for table `receive_fast`
--

DROP TABLE IF EXISTS `receive_fast`;
/*!40101 SET @saved_cs_client     = @@character_set_client */;
/*!50503 SET character_set_client = utf8mb4 */;
CREATE TABLE `receive_fast`
(
    `user_id`    varchar(100) NOT NULL COMMENT 'id',
    `school_id`  varchar(100) DEFAULT NULL COMMENT '学校id',
    `library_id` varchar(100) DEFAULT NULL COMMENT '图书馆Id',
    `room_id`    varchar(100) DEFAULT NULL COMMENT '图书室id',
    `seat_id`    varchar(100) DEFAULT NULL COMMENT '座位id',
    `open`       tinyint(1) DEFAULT NULL COMMENT '是否打开',
    PRIMARY KEY (`user_id`)
) ENGINE=InnoDB DEFAULT CHARSET=utf8mb4 COLLATE=utf8mb4_0900_ai_ci;
/*!40101 SET character_set_client = @saved_cs_client */;

--
-- Dumping data for table `receive_fast`
--

LOCK
TABLES `receive_fast` WRITE;
/*!40000 ALTER TABLE `receive_fast` DISABLE KEYS */;
INSERT INTO `receive_fast`
VALUES ('admin', 'schoolId', 'jdgchvauajkuvbh', 'dsackacbjakcaw3', 'A1001', 1),
       ('c2c9dbea-c8e8-449e-9ad3-f91bdecd5017', NULL, NULL, NULL, NULL, 0),
       ('d40e8574-f865-48e5-8fb6-bdc3e8725e8d', NULL, NULL, NULL, NULL, 0),
       ('daf47a79-d8c8-4068-a9b6-e3bc18c8e725', 'schoolId', 'jdgchvauajkuvbh', 'dsackacbjakcaw3', 'A1002', 1);
/*!40000 ALTER TABLE `receive_fast` ENABLE KEYS */;
UNLOCK
TABLES;

--
-- Table structure for table `receive_item`
--

DROP TABLE IF EXISTS `receive_item`;
/*!40101 SET @saved_cs_client     = @@character_set_client */;
/*!50503 SET character_set_client = utf8mb4 */;
CREATE TABLE `receive_item`
(
    `receive_id`   varchar(100) NOT NULL COMMENT 'id',
    `user_id`      varchar(100) DEFAULT NULL COMMENT '用户id',
    `library_id`   varchar(100) DEFAULT NULL COMMENT '图书馆id',
    `room_id`      varchar(100) DEFAULT NULL COMMENT '图书室id',
    `seat_id`      varchar(100) DEFAULT NULL COMMENT '座位id',
    `receive_date` date         DEFAULT NULL COMMENT '预约日期',
    `time_idx`     smallint     DEFAULT NULL COMMENT '预约时间',
    `time`         datetime     DEFAULT NULL COMMENT '创建时间',
    PRIMARY KEY (`receive_id`)
) ENGINE=InnoDB DEFAULT CHARSET=utf8mb4 COLLATE=utf8mb4_0900_ai_ci;
/*!40101 SET character_set_client = @saved_cs_client */;

--
-- Dumping data for table `receive_item`
--

LOCK
TABLES `receive_item` WRITE;
/*!40000 ALTER TABLE `receive_item` DISABLE KEYS */;
INSERT INTO `receive_item`
VALUES ('003d2b1e-1167-4d5d-b687-2f1e3ca91cd34', 'admin', 'jdgchvauajkuvbh', 'dsackacbjakcaw3', 'A1001', '2024-05-26',
        4, '2024-05-25 19:56:00'),
       ('004c38dd-31a8-4619-bd9f-990f0175320b2', 'admin', 'jdgchvauajkuvbh', 'dsackacbjakcaw3', 'A1001', '2024-05-26',
        2, '2024-05-25 19:48:00'),
       ('00a57cb7-209d-4fe4-bbeb-aff25646bfa30', 'daf47a79-d8c8-4068-a9b6-e3bc18c8e725', 'jdgchvauajkuvbh',
        'dsackacbjakcaw3', 'A1002', '2024-05-26', 0, '2024-05-25 20:03:00'),
       ('00e5529a-b38c-4581-83e0-c6c3f22c66a06', 'daf47a79-d8c8-4068-a9b6-e3bc18c8e725', 'jdgchvauajkuvbh',
        'dsackacbjakcaw3', 'A1002', '2024-05-26', 6, '2024-05-25 19:45:00'),
       ('012706f9-2ab4-4492-8464-fa18fb7faedd5', 'daf47a79-d8c8-4068-a9b6-e3bc18c8e725', 'jdgchvauajkuvbh',
        'dsackacbjakcaw3', 'A1002', '2024-05-26', 5, '2024-05-25 19:40:00'),
       ('01740102-ac42-4fcc-8e5e-8dcc00c7d4770', 'admin', 'jdgchvauajkuvbh', 'dsackacbjakcaw3', 'A1001', '2024-05-26',
        0, '2024-05-25 19:29:04'),
       ('0175ea5c-ce4f-4386-a698-e4d5896f6d616', 'daf47a79-d8c8-4068-a9b6-e3bc18c8e725', 'jdgchvauajkuvbh',
        'dsackacbjakcaw3', 'A1002', '2024-05-27', 6, '2024-05-26 09:15:00'),
       ('0187e200-df4f-4af9-8a35-635dbc9859705', 'daf47a79-d8c8-4068-a9b6-e3bc18c8e725', 'jdgchvauajkuvbh',
        'dsackacbjakcaw3', 'A1002', '2024-05-26', 5, '2024-05-25 19:45:00'),
       ('0199c4bc-5101-4da5-b6ed-2b0aa70bf7a13', 'daf47a79-d8c8-4068-a9b6-e3bc18c8e725', 'jdgchvauajkuvbh',
        'dsackacbjakcaw3', 'A1002', '2024-05-26', 3, '2024-05-25 19:28:01'),
       ('01bcb5fb-8aae-4ef4-93d5-d750313656b34', 'daf47a79-d8c8-4068-a9b6-e3bc18c8e725', 'jdgchvauajkuvbh',
        'dsackacbjakcaw3', 'A1002', '2024-05-26', 4, '2024-05-25 19:37:00'),
       ('0205dc4a-e195-4f0e-a0e2-5632c85a8ee56', 'admin', 'jdgchvauajkuvbh', 'dsackacbjakcaw3', 'A1001', '2024-05-27',
        6, '2024-05-26 09:18:00'),
       ('021ce2e6-cfe9-46dd-8b19-e4fd7b6034ce0', 'daf47a79-d8c8-4068-a9b6-e3bc18c8e725', 'jdgchvauajkuvbh',
        'dsackacbjakcaw3', 'A1002', '2024-05-26', 0, '2024-05-25 20:02:00'),
       ('0285919b-7335-4adb-8b3f-4fb4377c032a0', 'daf47a79-d8c8-4068-a9b6-e3bc18c8e725', 'jdgchvauajkuvbh',
        'dsackacbjakcaw3', 'A1002', '2024-05-27', 0, '2024-05-26 09:09:00'),
       ('02d9973b-bf85-4589-b863-f12600bfa3525', 'admin', 'jdgchvauajkuvbh', 'dsackacbjakcaw3', 'A1001', '2024-05-27',
        5, '2024-05-26 08:58:00'),
       ('02d9d708-62c3-4ae8-9f14-8eaa368a80854', 'daf47a79-d8c8-4068-a9b6-e3bc18c8e725', 'jdgchvauajkuvbh',
        'dsackacbjakcaw3', 'A1002', '2024-05-27', 4, '2024-05-26 08:59:00'),
       ('031072d5-ea03-43f8-96a3-a225072bf44b3', 'admin', 'jdgchvauajkuvbh', 'dsackacbjakcaw3', 'A1001', '2024-05-26',
        3, '2024-05-25 19:58:00'),
       ('03127453-67e2-4fff-ab29-36c096e47f900', 'admin', 'jdgchvauajkuvbh', 'dsackacbjakcaw3', 'A1001', '2024-05-26',
        0, '2024-05-25 19:58:00'),
       ('0312be44-2fad-4af0-8967-33e27a5c8b775', 'admin', 'jdgchvauajkuvbh', 'dsackacbjakcaw3', 'A1001', '2024-05-26',
        5, '2024-05-25 20:03:00'),
       ('036c80f0-94ed-4c96-ae0a-eb34678a90b15', 'admin', 'jdgchvauajkuvbh', 'dsackacbjakcaw3', 'A1001', '2024-05-26',
        5, '2024-05-25 19:45:00'),
       ('03833627-ca1b-4780-a7ed-bddc90c3f91e3', 'admin', 'jdgchvauajkuvbh', 'dsackacbjakcaw3', 'A1001', '2024-05-26',
        3, '2024-05-25 19:43:00'),
       ('04098855-6da1-4f80-9b48-f6f3f835e0e86', 'daf47a79-d8c8-4068-a9b6-e3bc18c8e725', 'jdgchvauajkuvbh',
        'dsackacbjakcaw3', 'A1002', '2024-05-27', 6, '2024-05-26 09:24:00'),
       ('041c57bd-4810-4ae9-849d-4e0af788a1342', 'admin', 'jdgchvauajkuvbh', 'dsackacbjakcaw3', 'A1001', '2024-05-26',
        2, '2024-05-25 20:02:00'),
       ('044be329-2fff-43c8-8a10-a838eaa29c6b2', 'admin', 'jdgchvauajkuvbh', 'dsackacbjakcaw3', 'A1001', '2024-06-11',
        2, '2024-06-10 14:19:06'),
       ('04b9bce0-4dd8-445b-a26d-ebd878d19e980', 'daf47a79-d8c8-4068-a9b6-e3bc18c8e725', 'jdgchvauajkuvbh',
        'dsackacbjakcaw3', 'A1002', '2024-05-27', 0, '2024-05-26 09:04:01'),
       ('05617a83-e1ab-4309-b3fe-5f97295e384d4', 'daf47a79-d8c8-4068-a9b6-e3bc18c8e725', 'jdgchvauajkuvbh',
        'dsackacbjakcaw3', 'A1002', '2024-05-26', 4, '2024-05-25 19:43:00'),
       ('05ab37e0-2aa9-4879-a6cc-156e8c4b0fc84', 'daf47a79-d8c8-4068-a9b6-e3bc18c8e725', 'jdgchvauajkuvbh',
        'dsackacbjakcaw3', 'A1002', '2024-05-26', 4, '2024-05-25 19:38:01'),
       ('05ce36ef-86c8-42a0-8a28-4957b33fd5fb0', 'daf47a79-d8c8-4068-a9b6-e3bc18c8e725', 'jdgchvauajkuvbh',
        'dsackacbjakcaw3', 'A1002', '2024-05-27', 0, '2024-05-26 09:12:01'),
       ('05d4df6b-abc0-4a6a-9a4a-ba7c1ffda33f2', 'admin', 'jdgchvauajkuvbh', 'dsackacbjakcaw3', 'A1001', '2024-05-26',
        2, '2024-05-25 19:30:00'),
       ('05f14bdc-ca9a-4780-876a-24eaec5609485', 'admin', 'jdgchvauajkuvbh', 'dsackacbjakcaw3', 'A1001', '2024-06-12',
        5, '2024-06-11 17:00:00'),
       ('05f21cbd-f109-43c8-8e64-370926d634504', 'admin', 'jdgchvauajkuvbh', 'dsackacbjakcaw3', 'A1001', '2024-05-27',
        4, '2024-05-26 09:09:00'),
       ('05feba04-f702-4df7-b8d2-a830df13e28e2', 'daf47a79-d8c8-4068-a9b6-e3bc18c8e725', 'jdgchvauajkuvbh',
        'dsackacbjakcaw3', 'A1002', '2024-06-07', 2, '2024-06-06 21:09:19'),
       ('0627e9bc-c811-4acb-8861-c736b74351a44', 'admin', 'jdgchvauajkuvbh', 'dsackacbjakcaw3', 'A1001', '2024-05-27',
        4, '2024-05-26 09:06:00'),
       ('0640d10b-30d1-4ad8-aa1a-ade9a32019c76', 'daf47a79-d8c8-4068-a9b6-e3bc18c8e725', 'jdgchvauajkuvbh',
        'dsackacbjakcaw3', 'A1002', '2024-05-27', 6, '2024-05-26 09:03:00'),
       ('064b2338-c682-4e7a-b77e-616ffdcbdd816', 'daf47a79-d8c8-4068-a9b6-e3bc18c8e725', 'jdgchvauajkuvbh',
        'dsackacbjakcaw3', 'A1002', '2024-05-27', 6, '2024-05-26 09:00:00'),
       ('06573538-03b0-4395-84ac-9ed0432a5e786', 'admin', 'jdgchvauajkuvbh', 'dsackacbjakcaw3', 'A1001', '2024-05-26',
        6, '2024-05-25 19:28:01'),
       ('069c5aa0-79f4-42d9-930c-82e3da053dfe4', 'daf47a79-d8c8-4068-a9b6-e3bc18c8e725', 'jdgchvauajkuvbh',
        'dsackacbjakcaw3', 'A1002', '2024-05-27', 4, '2024-05-26 09:04:01'),
       ('070410a5-9364-454d-9309-e50b51547d936', 'daf47a79-d8c8-4068-a9b6-e3bc18c8e725', 'jdgchvauajkuvbh',
        'dsackacbjakcaw3', 'A1002', '2024-05-26', 6, '2024-05-25 11:40:07'),
       ('0707c709-6ced-44f3-abd8-e08da85dc5a04', 'daf47a79-d8c8-4068-a9b6-e3bc18c8e725', 'jdgchvauajkuvbh',
        'dsackacbjakcaw3', 'A1002', '2024-05-27', 4, '2024-05-26 09:21:00'),
       ('0719d76b-59ec-4f0d-ba1d-da05ba1713c16', 'daf47a79-d8c8-4068-a9b6-e3bc18c8e725', 'jdgchvauajkuvbh',
        'dsackacbjakcaw3', 'A1002', '2024-05-26', 6, '2024-05-25 19:49:00'),
       ('072a05e2-65e8-486e-bf64-978e319ab70b2', 'admin', 'jdgchvauajkuvbh', 'dsackacbjakcaw3', 'A1001', '2024-06-11',
        2, '2024-06-10 17:00:00'),
       ('072f76c3-9215-4ad4-bbfe-90c90b4ba08e3', 'admin', 'jdgchvauajkuvbh', 'dsackacbjakcaw3', 'A1001', '2024-05-26',
        3, '2024-05-25 19:53:00'),
       ('08320767-066f-4a3f-9b07-89b8d7b4d5000', 'admin', 'jdgchvauajkuvbh', 'dsackacbjakcaw3', 'A1001', '2024-05-27',
        0, '2024-05-26 09:02:00'),
       ('08423dba-c2f4-4df2-97ef-d0264a1d82e04', 'admin', 'jdgchvauajkuvbh', 'dsackacbjakcaw3', 'A1001', '2024-05-26',
        4, '2024-05-25 20:02:00'),
       ('0858a81a-a849-4ad5-9645-95217c89c5275', 'admin', 'jdgchvauajkuvbh', 'dsackacbjakcaw3', 'A1001', '2024-06-05',
        5, '2024-06-04 17:18:54'),
       ('087f06a7-3fca-4e2d-b649-b2b947adf7846', 'daf47a79-d8c8-4068-a9b6-e3bc18c8e725', 'jdgchvauajkuvbh',
        'dsackacbjakcaw3', 'A1002', '2024-05-26', 6, '2024-05-25 19:58:00'),
       ('08eefd85-2710-4c13-9da3-84ed3a2a98a41', 'admin', 'jdgchvauajkuvbh', 'dsackacbjakcaw3', 'A1001', '2024-05-26',
        1, '2024-05-25 19:34:00'),
       ('091a166d-3ba3-4add-b24f-d40c8d1a925d1', 'admin', 'jdgchvauajkuvbh', 'dsackacbjakcaw3', 'A1001', '2024-05-26',
        1, '2024-05-25 19:56:00'),
       ('092c1c74-e5bf-4bf8-b7d9-155deaa05bd80', 'admin', 'jdgchvauajkuvbh', 'dsackacbjakcaw3', 'A1001', '2024-05-26',
        0, '2024-05-25 19:54:00'),
       ('092ec135-69a0-48a7-b5a2-95c6ccd0d2e10', 'admin', 'jdgchvauajkuvbh', 'dsackacbjakcaw3', 'A1001', '2024-05-27',
        0, '2024-05-26 09:06:00'),
       ('09464251-388d-4b77-b8c6-68d75d3030654', 'admin', 'jdgchvauajkuvbh', 'dsackacbjakcaw3', 'A1001', '2024-05-26',
        4, '2024-05-25 19:38:00'),
       ('0a212e01-ff53-424b-b081-4cb83e780cf45', 'admin', 'jdgchvauajkuvbh', 'dsackacbjakcaw3', 'A1001', '2024-05-26',
        5, '2024-05-25 19:39:00'),
       ('0a361d57-462c-421d-b5a5-280a09d40b126', 'admin', 'jdgchvauajkuvbh', 'dsackacbjakcaw3', 'A1001', '2024-05-27',
        6, '2024-05-26 09:12:00'),
       ('0a377ac2-cba8-4405-9901-751e51bf1e816', 'admin', 'jdgchvauajkuvbh', 'dsackacbjakcaw3', 'A1001', '2024-06-05',
        6, '2024-06-04 17:18:54'),
       ('0b449c77-1ee7-4658-ba64-4f87521af7de1', 'daf47a79-d8c8-4068-a9b6-e3bc18c8e725', 'jdgchvauajkuvbh',
        'dsackacbjakcaw3', 'A1002', '2024-05-26', 1, '2024-05-25 20:00:00'),
       ('0b61cb3a-31f5-4e00-9807-b50a7e3208c10', 'admin', 'jdgchvauajkuvbh', 'dsackacbjakcaw3', 'A1001', '2024-05-27',
        0, '2024-05-26 08:59:00'),
       ('0bf6c5f0-c410-4666-885c-bc4bdd3d0a3a1', 'daf47a79-d8c8-4068-a9b6-e3bc18c8e725', 'jdgchvauajkuvbh',
        'dsackacbjakcaw3', 'A1002', '2024-05-26', 1, '2024-05-25 11:40:07'),
       ('0c633f5a-5f7f-4df2-8337-ababf4381b6d6', 'daf47a79-d8c8-4068-a9b6-e3bc18c8e725', 'jdgchvauajkuvbh',
        'dsackacbjakcaw3', 'A1002', '2024-05-26', 6, '2024-05-25 19:59:00'),
       ('0c97326b-6390-4ea1-9e73-21d7426f8816', 'c97ec857-8489-4b72-9d34-ba1247d02b55', 'jdgchvauajkavavvbh',
        'dsackacsvjakcaw1', 'xeoqe9f5wo4rve2fshyu7', '2024-05-12', 4, '2024-05-12 17:33:51'),
       ('0cb419e8-1f0b-4cae-aaab-61aea006ef144', 'admin', 'jdgchvauajkuvbh', 'dsackacbjakcaw3', 'A1001', '2024-06-11',
        4, '2024-06-10 14:19:06'),
       ('0d00a198-5abf-45b0-ad33-48f8393df9ce1', 'daf47a79-d8c8-4068-a9b6-e3bc18c8e725', 'jdgchvauajkuvbh',
        'dsackacbjakcaw3', 'A1002', '2024-05-27', 1, '2024-05-26 09:17:00'),
       ('0df6f0f8-c20a-4ac8-81f4-99cf285f27b24', 'daf47a79-d8c8-4068-a9b6-e3bc18c8e725', 'jdgchvauajkuvbh',
        'dsackacbjakcaw3', 'A1002', '2024-05-27', 4, '2024-05-26 09:01:00'),
       ('0e033031-d43c-45dd-aa7b-f3c2397cfc323', 'admin', 'jdgchvauajkuvbh', 'dsackacbjakcaw3', 'A1001', '2024-05-27',
        3, '2024-05-26 09:13:00'),
       ('0e2657aa-8973-485f-a4d2-d6621c7755435', 'daf47a79-d8c8-4068-a9b6-e3bc18c8e725', 'jdgchvauajkuvbh',
        'dsackacbjakcaw3', 'A1002', '2024-05-26', 5, '2024-05-25 19:32:00'),
       ('0e312957-ffe6-4fa8-af3f-e91a4b32bca72', 'daf47a79-d8c8-4068-a9b6-e3bc18c8e725', 'jdgchvauajkuvbh',
        'dsackacbjakcaw3', 'A1002', '2024-05-27', 2, '2024-05-26 09:24:00'),
       ('0ea418ff-e9e6-48d0-b4e6-80aba34a86540', 'admin', 'jdgchvauajkuvbh', 'dsackacbjakcaw3', 'A1001', '2024-05-26',
        0, '2024-05-25 19:59:00'),
       ('0ee7d3a1-8c74-4dfc-9da1-5a70974308b24', 'daf47a79-d8c8-4068-a9b6-e3bc18c8e725', 'jdgchvauajkuvbh',
        'dsackacbjakcaw3', 'A1002', '2024-05-26', 4, '2024-05-25 19:29:05'),
       ('0f6a50f8-327e-46d0-be22-398d0452c79e4', 'daf47a79-d8c8-4068-a9b6-e3bc18c8e725', 'jdgchvauajkuvbh',
        'dsackacbjakcaw3', 'A1002', '2024-05-27', 4, '2024-05-26 09:17:00'),
       ('1014c769-e12e-4afe-890b-307cb1284afe5', 'admin', 'jdgchvauajkuvbh', 'dsackacbjakcaw3', 'A1001', '2024-05-27',
        5, '2024-05-26 09:10:00'),
       ('105b84d9-a7f5-4543-abe9-49a328f9ba853', 'daf47a79-d8c8-4068-a9b6-e3bc18c8e725', 'jdgchvauajkuvbh',
        'dsackacbjakcaw3', 'A1002', '2024-05-27', 3, '2024-05-26 09:13:00'),
       ('10c4eb7a-b6ae-4efa-af54-6c56d38aa3933', 'admin', 'jdgchvauajkuvbh', 'dsackacbjakcaw3', 'A1001', '2024-05-26',
        3, '2024-05-25 19:30:00'),
       ('10de546c-b007-43d6-af8c-ebe0c247199d2', 'daf47a79-d8c8-4068-a9b6-e3bc18c8e725', 'jdgchvauajkuvbh',
        'dsackacbjakcaw3', 'A1002', '2024-05-27', 2, '2024-05-26 09:07:00'),
       ('11175895-e7cf-4f8c-85d7-e61baafed9d65', 'admin', 'jdgchvauajkuvbh', 'dsackacbjakcaw3', 'A1001', '2024-05-26',
        5, '2024-05-25 19:50:00'),
       ('11210dd6-0417-40af-8a39-1ab3f5cb06cf4', 'daf47a79-d8c8-4068-a9b6-e3bc18c8e725', 'jdgchvauajkuvbh',
        'dsackacbjakcaw3', 'A1002', '2024-06-05', 4, '2024-06-04 17:18:55'),
       ('11540006-5c06-40cd-a196-d9798b8631c75', 'daf47a79-d8c8-4068-a9b6-e3bc18c8e725', 'jdgchvauajkuvbh',
        'dsackacbjakcaw3', 'A1002', '2024-05-27', 5, '2024-05-26 09:24:00'),
       ('11e42caf-514e-467f-aba6-1320396023763', 'daf47a79-d8c8-4068-a9b6-e3bc18c8e725', 'jdgchvauajkuvbh',
        'dsackacbjakcaw3', 'A1002', '2024-05-27', 3, '2024-05-26 09:02:00'),
       ('12f77dfe-fd3e-404d-be5d-f77fd07e59992', 'admin', 'jdgchvauajkuvbh', 'dsackacbjakcaw3', 'A1001', '2024-05-26',
        2, '2024-05-25 19:52:00'),
       ('13185207-f475-4498-b147-ed156bb5a56d2', 'daf47a79-d8c8-4068-a9b6-e3bc18c8e725', 'jdgchvauajkuvbh',
        'dsackacbjakcaw3', 'A1002', '2024-05-27', 2, '2024-05-26 09:13:00'),
       ('138ae5f5-376b-466b-92d0-edf497c3020d3', 'admin', 'jdgchvauajkuvbh', 'dsackacbjakcaw3', 'A1001', '2024-05-27',
        3, '2024-05-26 09:08:00'),
       ('14c1141e-9a86-4659-8fef-24def4c0d1e54', 'admin', 'jdgchvauajkuvbh', 'dsackacbjakcaw3', 'A1001', '2024-05-27',
        4, '2024-05-26 09:08:00'),
       ('14cae2c8-41bd-4e4b-94f2-871824777d833', 'admin', 'jdgchvauajkuvbh', 'dsackacbjakcaw3', 'A1001', '2024-05-27',
        3, '2024-05-26 09:21:00'),
       ('14f369bb-c597-4422-ae32-3a151ca9b6fb5', 'admin', 'jdgchvauajkuvbh', 'dsackacbjakcaw3', 'A1001', '2024-05-26',
        5, '2024-05-25 19:54:00'),
       ('14f6d534-7075-4a6c-826d-a7e3e18baf1f5', 'admin', 'jdgchvauajkuvbh', 'dsackacbjakcaw3', 'A1001', '2024-05-27',
        5, '2024-05-26 09:20:00'),
       ('14f878f9-3a04-49a5-843f-fd73df5018dd2', 'daf47a79-d8c8-4068-a9b6-e3bc18c8e725', 'jdgchvauajkuvbh',
        'dsackacbjakcaw3', 'A1002', '2024-06-11', 2, '2024-06-10 14:19:06'),
       ('1558d221-eac8-4031-87e6-d0265962f4ae0', 'daf47a79-d8c8-4068-a9b6-e3bc18c8e725', 'jdgchvauajkuvbh',
        'dsackacbjakcaw3', 'A1002', '2024-05-27', 0, '2024-05-26 09:02:00'),
       ('157e01da-51e6-4072-8804-1232b7418d382', 'admin', 'jdgchvauajkuvbh', 'dsackacbjakcaw3', 'A1001', '2024-05-26',
        2, '2024-05-25 19:58:00'),
       ('157e91c6-ca08-4581-a62b-497faf8d99ed5', 'admin', 'jdgchvauajkuvbh', 'dsackacbjakcaw3', 'A1001', '2024-05-26',
        5, '2024-05-25 19:57:00'),
       ('159e5402-46c7-4ef3-a3a2-60c642a2273c4', 'daf47a79-d8c8-4068-a9b6-e3bc18c8e725', 'jdgchvauajkuvbh',
        'dsackacbjakcaw3', 'A1002', '2024-05-26', 4, '2024-05-25 19:00:01'),
       ('15e684be-e6a3-4bf0-92b9-7df775243a265', 'daf47a79-d8c8-4068-a9b6-e3bc18c8e725', 'jdgchvauajkuvbh',
        'dsackacbjakcaw3', 'A1002', '2024-05-26', 5, '2024-05-25 20:03:00'),
       ('169b70c4-5e2f-4c75-94a8-d1d785f2d5fc4', 'daf47a79-d8c8-4068-a9b6-e3bc18c8e725', 'jdgchvauajkuvbh',
        'dsackacbjakcaw3', 'A1002', '2024-05-26', 4, '2024-05-25 20:04:00'),
       ('169d96be-9eb0-4fad-8b06-bb7f7064653e5', 'admin', 'jdgchvauajkuvbh', 'dsackacbjakcaw3', 'A1001', '2024-05-26',
        5, '2024-05-25 19:40:00'),
       ('171eefba-7ad2-4db5-b9b5-5b40b3eda3584', 'daf47a79-d8c8-4068-a9b6-e3bc18c8e725', 'jdgchvauajkuvbh',
        'dsackacbjakcaw3', 'A1002', '2024-06-11', 4, '2024-06-10 14:19:06'),
       ('1789e559-e8b2-4ce7-b233-88f805bdaf6d5', 'daf47a79-d8c8-4068-a9b6-e3bc18c8e725', 'jdgchvauajkuvbh',
        'dsackacbjakcaw3', 'A1002', '2024-06-05', 5, '2024-06-04 17:18:55'),
       ('17b962bd-a773-4bff-a096-8a46e06ad28c6', 'admin', 'jdgchvauajkuvbh', 'dsackacbjakcaw3', 'A1001', '2024-05-27',
        6, '2024-05-26 09:06:00'),
       ('1919e77e-eae1-4081-a7f8-5d495d7f2a943', 'admin', 'jdgchvauajkuvbh', 'dsackacbjakcaw3', 'A1001', '2024-05-26',
        3, '2024-05-25 19:56:00'),
       ('1930cb4f-ff74-43cd-a563-80db574643964', 'daf47a79-d8c8-4068-a9b6-e3bc18c8e725', 'jdgchvauajkuvbh',
        'dsackacbjakcaw3', 'A1002', '2024-05-27', 4, '2024-05-26 09:08:00'),
       ('193e1077-7ed0-4520-ae99-e6209447f1280', 'admin', 'jdgchvauajkuvbh', 'dsackacbjakcaw3', 'A1001', '2024-05-26',
        0, '2024-05-25 19:46:00'),
       ('1a2368eb-2183-4706-9a02-8ff15867adec1', 'admin', 'jdgchvauajkuvbh', 'dsackacbjakcaw3', 'A1001', '2024-05-26',
        1, '2024-05-25 19:40:00'),
       ('1a7893d7-fbe4-42af-966b-7d443247cf160', 'daf47a79-d8c8-4068-a9b6-e3bc18c8e725', 'jdgchvauajkuvbh',
        'dsackacbjakcaw3', 'A1002', '2024-05-27', 0, '2024-05-26 09:13:00'),
       ('1ade9acc-b272-4f6e-afbb-18c55e05a9585', 'daf47a79-d8c8-4068-a9b6-e3bc18c8e725', 'jdgchvauajkuvbh',
        'dsackacbjakcaw3', 'A1002', '2024-05-27', 5, '2024-05-26 09:09:00'),
       ('1aed1bd7-a7e2-41ba-99b2-4ca663d76e262', 'daf47a79-d8c8-4068-a9b6-e3bc18c8e725', 'jdgchvauajkuvbh',
        'dsackacbjakcaw3', 'A1002', '2024-05-26', 2, '2024-05-25 19:31:00'),
       ('1bdcf3b5-daca-4d27-bffd-bf474971089c1', 'daf47a79-d8c8-4068-a9b6-e3bc18c8e725', 'jdgchvauajkuvbh',
        'dsackacbjakcaw3', 'A1002', '2024-05-26', 1, '2024-05-25 19:44:00'),
       ('1c17927a-0e05-4ba9-9c1e-27eea2cd79dd6', 'daf47a79-d8c8-4068-a9b6-e3bc18c8e725', 'jdgchvauajkuvbh',
        'dsackacbjakcaw3', 'A1002', '2024-05-26', 6, '2024-05-25 19:42:00'),
       ('1c21bca7-d675-414f-98ad-882e62b1761a6', 'daf47a79-d8c8-4068-a9b6-e3bc18c8e725', 'jdgchvauajkuvbh',
        'dsackacbjakcaw3', 'A1002', '2024-05-26', 6, '2024-05-25 19:51:00'),
       ('1c2cb0d7-b7c9-4b71-996d-e6d76ec66a306', 'admin', 'jdgchvauajkuvbh', 'dsackacbjakcaw3', 'A1001', '2024-06-12',
        6, '2024-06-11 17:00:00'),
       ('1c3abaab-266d-4209-b783-9683683be1236', 'admin', 'jdgchvauajkuvbh', 'dsackacbjakcaw3', 'A1001', '2024-05-27',
        6, '2024-05-26 09:03:00'),
       ('1c63cb85-1b0d-45a2-831d-8da8f4269e215', 'admin', 'jdgchvauajkuvbh', 'dsackacbjakcaw3', 'A1001', '2024-05-27',
        5, '2024-05-26 09:24:00'),
       ('1c6b2236-5203-4543-b965-2c03bd7eeb213', 'admin', 'jdgchvauajkuvbh', 'dsackacbjakcaw3', 'A1001', '2024-05-26',
        3, '2024-05-25 19:47:00'),
       ('1c92f16d-4c25-4079-9502-4602802816031', 'daf47a79-d8c8-4068-a9b6-e3bc18c8e725', 'jdgchvauajkuvbh',
        'dsackacbjakcaw3', 'A1002', '2024-05-26', 1, '2024-05-25 19:43:00'),
       ('1cad00e1-13fe-4ba4-beca-b87b43a9d52d6', 'admin', 'jdgchvauajkuvbh', 'dsackacbjakcaw3', 'A1001', '2024-05-26',
        6, '2024-05-25 19:38:00'),
       ('1cf9921c-f854-4a23-9dff-60aef06ad40b2', 'admin', 'jdgchvauajkuvbh', 'dsackacbjakcaw3', 'A1001', '2024-05-27',
        2, '2024-05-26 09:11:00'),
       ('1d1515c9-243a-4152-9fce-bf06230032262', 'daf47a79-d8c8-4068-a9b6-e3bc18c8e725', 'jdgchvauajkuvbh',
        'dsackacbjakcaw3', 'A1002', '2024-05-26', 2, '2024-05-25 19:48:00'),
       ('1d545412-642b-4246-b36b-d4a2d2d0aec80', 'admin', 'jdgchvauajkuvbh', 'dsackacbjakcaw3', 'A1001', '2024-05-26',
        0, '2024-05-25 19:00:00'),
       ('1d9148a4-30dc-4eb7-a08b-090359855d7d4', 'daf47a79-d8c8-4068-a9b6-e3bc18c8e725', 'jdgchvauajkuvbh',
        'dsackacbjakcaw3', 'A1002', '2024-05-26', 4, '2024-05-25 19:50:01'),
       ('1df6d252-51e9-4702-8747-84e44c9e6fbf5', 'daf47a79-d8c8-4068-a9b6-e3bc18c8e725', 'jdgchvauajkuvbh',
        'dsackacbjakcaw3', 'A1002', '2024-05-26', 5, '2024-05-25 19:49:00'),
       ('1dfcd36d-8ebf-47ba-9335-773b88b5154b3', 'daf47a79-d8c8-4068-a9b6-e3bc18c8e725', 'jdgchvauajkuvbh',
        'dsackacbjakcaw3', 'A1002', '2024-05-26', 3, '2024-05-25 19:44:00'),
       ('1ed89b95-d404-49fe-bb93-bc761dd9cf964', 'daf47a79-d8c8-4068-a9b6-e3bc18c8e725', 'jdgchvauajkuvbh',
        'dsackacbjakcaw3', 'A1002', '2024-05-26', 4, '2024-05-25 19:39:00'),
       ('1eec1ddd-f106-4d50-9a90-bfd1ef635a520', 'admin', 'jdgchvauajkuvbh', 'dsackacbjakcaw3', 'A1001', '2024-05-27',
        0, '2024-05-26 08:58:00'),
       ('1ef03bcd-6d20-471a-9d34-134bba3b05ca2', 'admin', 'jdgchvauajkuvbh', 'dsackacbjakcaw3', 'A1001', '2024-05-26',
        2, '2024-05-25 19:42:00'),
       ('1f47f67b-5a07-4db2-ab63-8f05e967d7cb1', 'daf47a79-d8c8-4068-a9b6-e3bc18c8e725', 'jdgchvauajkuvbh',
        'dsackacbjakcaw3', 'A1002', '2024-05-26', 1, '2024-05-25 19:00:01'),
       ('1fb48d56-cff9-491d-97bd-e9f98ed863b54', 'admin', 'jdgchvauajkuvbh', 'dsackacbjakcaw3', 'A1001', '2024-05-26',
        4, '2024-05-25 19:58:00'),
       ('201da4a7-82c0-4b70-8922-d37a758fc0c84', 'admin', 'jdgchvauajkuvbh', 'dsackacbjakcaw3', 'A1001', '2024-05-26',
        4, '2024-05-25 20:04:00'),
       ('204463b5-f19d-4aab-b91d-de533f5acb865', 'daf47a79-d8c8-4068-a9b6-e3bc18c8e725', 'jdgchvauajkuvbh',
        'dsackacbjakcaw3', 'A1002', '2024-05-26', 5, '2024-05-25 19:57:00'),
       ('2098282e-e7a3-4299-80ad-1f6fe549da6b4', 'admin', 'jdgchvauajkuvbh', 'dsackacbjakcaw3', 'A1001', '2024-05-26',
        4, '2024-05-25 19:42:00'),
       ('20cc3291-61dc-4da5-aa1f-19d051a64add0', 'admin', 'jdgchvauajkuvbh', 'dsackacbjakcaw3', 'A1001', '2024-05-26',
        0, '2024-05-25 19:37:00'),
       ('2133c6d2-878f-4c51-9d60-3e0220920bd23', 'daf47a79-d8c8-4068-a9b6-e3bc18c8e725', 'jdgchvauajkuvbh',
        'dsackacbjakcaw3', 'A1002', '2024-06-07', 3, '2024-06-06 21:09:19'),
       ('21a5abaf-1c57-4d01-8db5-922a9cebf94b3', 'daf47a79-d8c8-4068-a9b6-e3bc18c8e725', 'jdgchvauajkuvbh',
        'dsackacbjakcaw3', 'A1002', '2024-05-27', 3, '2024-05-26 09:01:00'),
       ('21b74512-5fe3-4d44-9752-7f7ad9df8bbd5', 'admin', 'jdgchvauajkuvbh', 'dsackacbjakcaw3', 'A1001', '2024-05-27',
        5, '2024-05-26 08:59:00'),
       ('221a1bdb-151e-483b-b666-31d327a5a2ea0', 'admin', 'jdgchvauajkuvbh', 'dsackacbjakcaw3', 'A1001', '2024-05-26',
        0, '2024-05-25 20:01:00'),
       ('221dca33-85ec-43c8-a66b-7197a4d5bcb34', 'admin', 'jdgchvauajkuvbh', 'dsackacbjakcaw3', 'A1001', '2024-06-07',
        4, '2024-06-06 21:09:18'),
       ('226daeaa-bbef-4f6f-8c06-35e6bfc670612', 'admin', 'jdgchvauajkuvbh', 'dsackacbjakcaw3', 'A1001', '2024-05-26',
        2, '2024-05-25 19:57:00'),
       ('22eb16d9-33fb-4384-a383-0e3d6aeb8d764', 'admin', 'jdgchvauajkuvbh', 'dsackacbjakcaw3', 'A1001', '2024-05-26',
        4, '2024-05-25 19:00:00'),
       ('23058c9d-e1f8-4180-9ec3-e10b0db759b24', 'admin', 'jdgchvauajkuvbh', 'dsackacbjakcaw3', 'A1001', '2024-05-26',
        4, '2024-05-25 19:49:00'),
       ('2334e142-4392-4976-993e-5c9b42ee77c91', 'daf47a79-d8c8-4068-a9b6-e3bc18c8e725', 'jdgchvauajkuvbh',
        'dsackacbjakcaw3', 'A1002', '2024-05-26', 1, '2024-05-25 11:39:23'),
       ('24218afb-d896-4543-99d3-4703356d5c290', 'admin', 'jdgchvauajkuvbh', 'dsackacbjakcaw3', 'A1001', '2024-05-26',
        0, '2024-05-25 20:04:00'),
       ('2463bedb-84d9-48e7-b3cd-8db49e6e74b72', 'admin', 'jdgchvauajkuvbh', 'dsackacbjakcaw3', 'A1001', '2024-05-27',
        2, '2024-05-26 09:06:00'),
       ('2467a070-5570-41ec-902c-d62710ec76436', 'daf47a79-d8c8-4068-a9b6-e3bc18c8e725', 'jdgchvauajkuvbh',
        'dsackacbjakcaw3', 'A1002', '2024-05-27', 6, '2024-05-26 09:11:01'),
       ('2486467c-ce5e-4b51-8b0f-ddd27a9fb1402', 'admin', 'jdgchvauajkuvbh', 'dsackacbjakcaw3', 'A1001', '2024-05-26',
        2, '2024-05-25 19:36:00'),
       ('248971be-5f10-4820-93fd-3fff6400f0850', 'daf47a79-d8c8-4068-a9b6-e3bc18c8e725', 'jdgchvauajkuvbh',
        'dsackacbjakcaw3', 'A1002', '2024-05-26', 0, '2024-05-25 19:33:01'),
       ('24ba308d-56d3-4c17-a22e-7ea9e82b39ab4', 'admin', 'jdgchvauajkuvbh', 'dsackacbjakcaw3', 'A1001', '2024-05-26',
        4, '2024-05-25 19:34:00'),
       ('24c0a3d6-3719-4acd-bcef-38a985bd57de3', 'daf47a79-d8c8-4068-a9b6-e3bc18c8e725', 'jdgchvauajkuvbh',
        'dsackacbjakcaw3', 'A1002', '2024-05-27', 3, '2024-05-26 08:58:01'),
       ('24e5da0d-9d4d-40f0-b2a7-a4ecec84476a2', 'admin', 'jdgchvauajkuvbh', 'dsackacbjakcaw3', 'A1001', '2024-05-26',
        2, '2024-05-25 19:44:00'),
       ('2539487d-8810-4948-93a3-4675b85de6ef2', 'admin', 'jdgchvauajkuvbh', 'dsackacbjakcaw3', 'A1001', '2024-05-26',
        2, '2024-05-25 19:43:00'),
       ('25ae3739-7128-4191-94a1-4a8adb7bed2d5', 'admin', 'jdgchvauajkuvbh', 'dsackacbjakcaw3', 'A1001', '2024-05-26',
        5, '2024-05-25 19:30:00'),
       ('26935d05-d4f2-46ac-87eb-260b114ebddc1', 'admin', 'jdgchvauajkuvbh', 'dsackacbjakcaw3', 'A1001', '2024-05-26',
        1, '2024-05-25 19:57:00'),
       ('26afb610-b27a-41d4-b123-a1edbcafb7512', 'admin', 'jdgchvauajkuvbh', 'dsackacbjakcaw3', 'A1001', '2024-05-26',
        2, '2024-05-25 19:50:00'),
       ('2700c320-2a47-4cc3-9f9c-1e4cc37ba8d41', 'daf47a79-d8c8-4068-a9b6-e3bc18c8e725', 'jdgchvauajkuvbh',
        'dsackacbjakcaw3', 'A1002', '2024-05-27', 1, '2024-05-26 09:07:00'),
       ('2736d78e-205d-41c0-8126-537001c1bb941', 'admin', 'jdgchvauajkuvbh', 'dsackacbjakcaw3', 'A1001', '2024-05-26',
        1, '2024-05-25 19:30:00'),
       ('282ea9a8-98aa-4801-9e87-bbfbfc3faee16', 'daf47a79-d8c8-4068-a9b6-e3bc18c8e725', 'jdgchvauajkuvbh',
        'dsackacbjakcaw3', 'A1002', '2024-06-12', 6, '2024-06-11 17:00:00'),
       ('283ff9bc-694d-48b0-a6b8-d4b112cdbc724', 'daf47a79-d8c8-4068-a9b6-e3bc18c8e725', 'jdgchvauajkuvbh',
        'dsackacbjakcaw3', 'A1002', '2024-05-26', 4, '2024-05-25 19:41:00'),
       ('287be188-dd3a-400e-b8d6-1dd085cc96ac0', 'daf47a79-d8c8-4068-a9b6-e3bc18c8e725', 'jdgchvauajkuvbh',
        'dsackacbjakcaw3', 'A1002', '2024-05-26', 0, '2024-05-25 19:41:00'),
       ('2894be1d-08aa-417b-bc69-ace3982d38df4', 'daf47a79-d8c8-4068-a9b6-e3bc18c8e725', 'jdgchvauajkuvbh',
        'dsackacbjakcaw3', 'A1002', '2024-06-12', 4, '2024-06-11 17:00:00'),
       ('289a7dca-ec4f-4db1-9f6a-81585a1d31a03', 'daf47a79-d8c8-4068-a9b6-e3bc18c8e725', 'jdgchvauajkuvbh',
        'dsackacbjakcaw3', 'A1002', '2024-05-27', 3, '2024-05-26 09:15:00'),
       ('28e463fe-4716-45c5-ac63-d85cb9c9be8b5', 'daf47a79-d8c8-4068-a9b6-e3bc18c8e725', 'jdgchvauajkuvbh',
        'dsackacbjakcaw3', 'A1002', '2024-05-26', 5, '2024-05-25 19:38:01'),
       ('29664215-7aeb-40d5-8293-e61456a457585', 'daf47a79-d8c8-4068-a9b6-e3bc18c8e725', 'jdgchvauajkuvbh',
        'dsackacbjakcaw3', 'A1002', '2024-05-26', 5, '2024-05-25 19:55:01'),
       ('298648eb-0471-4136-962a-d494bb12f76a6', 'daf47a79-d8c8-4068-a9b6-e3bc18c8e725', 'jdgchvauajkuvbh',
        'dsackacbjakcaw3', 'A1002', '2024-06-07', 6, '2024-06-06 21:09:19'),
       ('2a77f48f-3085-4fc9-9e01-de2a29cfb9074', 'admin', 'jdgchvauajkuvbh', 'dsackacbjakcaw3', 'A1001', '2024-05-27',
        4, '2024-05-26 09:14:00'),
       ('2a79c221-75a0-43e3-8591-6ab9db4ccb443', 'daf47a79-d8c8-4068-a9b6-e3bc18c8e725', 'jdgchvauajkuvbh',
        'dsackacbjakcaw3', 'A1002', '2024-05-26', 3, '2024-05-25 19:56:00'),
       ('2a7f225f-8452-4624-8758-9c2964697bca5', 'daf47a79-d8c8-4068-a9b6-e3bc18c8e725', 'jdgchvauajkuvbh',
        'dsackacbjakcaw3', 'A1002', '2024-05-26', 5, '2024-05-25 19:29:05'),
       ('2a90e04f-4659-4044-abe2-6e6eeece1a254', 'admin', 'jdgchvauajkuvbh', 'dsackacbjakcaw3', 'A1001', '2024-05-27',
        4, '2024-05-26 08:58:00'),
       ('2ae66f5a-3de6-4ab1-8230-403b93babed80', 'admin', 'jdgchvauajkuvbh', 'dsackacbjakcaw3', 'A1001', '2024-05-26',
        0, '2024-05-25 19:51:00'),
       ('2b29b192-1f17-437b-bcd2-db451a5a23cd2', 'daf47a79-d8c8-4068-a9b6-e3bc18c8e725', 'jdgchvauajkuvbh',
        'dsackacbjakcaw3', 'A1002', '2024-05-26', 2, '2024-05-25 19:55:01'),
       ('2b944e27-bb15-40f4-9120-337c3a2977a41', 'daf47a79-d8c8-4068-a9b6-e3bc18c8e725', 'jdgchvauajkuvbh',
        'dsackacbjakcaw3', 'A1002', '2024-05-26', 1, '2024-05-25 19:46:00'),
       ('2c3d5ea0-489c-4d94-8fc8-94781e35b1f52', 'admin', 'jdgchvauajkuvbh', 'dsackacbjakcaw3', 'A1001', '2024-05-27',
        2, '2024-05-26 09:09:00'),
       ('2d1174b0-9eb7-43a6-ab9b-794009d41f1f4', 'daf47a79-d8c8-4068-a9b6-e3bc18c8e725', 'jdgchvauajkuvbh',
        'dsackacbjakcaw3', 'A1002', '2024-05-26', 4, '2024-05-25 19:46:00'),
       ('2d3dfd50-6fbb-4824-8c14-6e0a67e0bff43', 'admin', 'jdgchvauajkuvbh', 'dsackacbjakcaw3', 'A1001', '2024-05-27',
        3, '2024-05-26 09:19:00'),
       ('2d9fccf7-dda7-4829-b26c-30df9c357b6c2', 'daf47a79-d8c8-4068-a9b6-e3bc18c8e725', 'jdgchvauajkuvbh',
        'dsackacbjakcaw3', 'A1002', '2024-05-27', 2, '2024-05-26 09:11:01'),
       ('2def71d6-4aed-4900-b46f-833360ed33fb1', 'admin', 'jdgchvauajkuvbh', 'dsackacbjakcaw3', 'A1001', '2024-05-27',
        1, '2024-05-26 09:10:00'),
       ('2dfe947b-6850-4e88-9ee0-aaea73d624c06', 'admin', 'jdgchvauajkuvbh', 'dsackacbjakcaw3', 'A1001', '2024-06-11',
        6, '2024-06-10 14:19:06'),
       ('2e185447-6bea-4107-8675-4093c42360dd6', 'admin', 'jdgchvauajkuvbh', 'dsackacbjakcaw3', 'A1001', '2024-05-26',
        6, '2024-05-25 19:47:00'),
       ('2e5b0ace-ff97-4308-8802-c2f2d2915df80', 'admin', 'jdgchvauajkuvbh', 'dsackacbjakcaw3', 'A1001', '2024-05-26',
        0, '2024-05-25 19:32:00'),
       ('2e77dcbf-5df1-4d2f-9851-6ddd8de2441d6', 'admin', 'jdgchvauajkuvbh', 'dsackacbjakcaw3', 'A1001', '2024-05-27',
        6, '2024-05-26 09:08:00'),
       ('2e884374-4fbb-483a-998d-857da91010304', 'admin', 'jdgchvauajkuvbh', 'dsackacbjakcaw3', 'A1001', '2024-06-05',
        4, '2024-06-04 17:18:54'),
       ('2e8a8179-6b22-4814-b8a0-448ab9e2ed723', 'admin', 'jdgchvauajkuvbh', 'dsackacbjakcaw3', 'A1001', '2024-05-26',
        3, '2024-05-25 19:57:00'),
       ('2e9bb083-04c8-4592-9eab-b231a10c1ffd3', 'daf47a79-d8c8-4068-a9b6-e3bc18c8e725', 'jdgchvauajkuvbh',
        'dsackacbjakcaw3', 'A1002', '2024-05-26', 3, '2024-05-25 19:45:00'),
       ('2eb356be-4b57-46c7-b05f-51db59d3ceb86', 'admin', 'jdgchvauajkuvbh', 'dsackacbjakcaw3', 'A1001', '2024-05-26',
        6, '2024-05-25 19:59:00'),
       ('2efc38bb-55c5-4b15-a702-2a863cb705a72', 'admin', 'jdgchvauajkuvbh', 'dsackacbjakcaw3', 'A1001', '2024-05-26',
        2, '2024-05-25 20:04:00'),
       ('2f2dbd48-765b-48c6-8dd4-d5c1ccb57b8d5', 'admin', 'jdgchvauajkuvbh', 'dsackacbjakcaw3', 'A1001', '2024-05-26',
        5, '2024-05-25 19:41:00'),
       ('2f3389e6-96f4-4dba-8233-f7159b6ffa2b5', 'admin', 'jdgchvauajkuvbh', 'dsackacbjakcaw3', 'A1001', '2024-05-26',
        5, '2024-05-25 19:29:04'),
       ('2f4ca745-5402-4848-9b05-a9a033b3beba1', 'daf47a79-d8c8-4068-a9b6-e3bc18c8e725', 'jdgchvauajkuvbh',
        'dsackacbjakcaw3', 'A1002', '2024-05-27', 1, '2024-05-26 09:22:00'),
       ('2fa9d904-106d-4f2c-b888-bbc77d8e047f3', 'admin', 'jdgchvauajkuvbh', 'dsackacbjakcaw3', 'A1001', '2024-05-26',
        3, '2024-05-25 19:33:00'),
       ('2fc54994-3650-4c15-9839-b904396941223', 'daf47a79-d8c8-4068-a9b6-e3bc18c8e725', 'jdgchvauajkuvbh',
        'dsackacbjakcaw3', 'A1002', '2024-05-26', 3, '2024-05-25 19:37:00'),
       ('2fc8a9bc-b734-43dd-ad10-a5b4d76b1df90', 'admin', 'jdgchvauajkuvbh', 'dsackacbjakcaw3', 'A1001', '2024-05-27',
        0, '2024-05-26 09:03:00'),
       ('2fcc75bf-5732-4ef0-935c-f358bd923b7b5', 'daf47a79-d8c8-4068-a9b6-e3bc18c8e725', 'jdgchvauajkuvbh',
        'dsackacbjakcaw3', 'A1002', '2024-05-27', 5, '2024-05-26 09:03:00'),
       ('30010a5c-1c36-42bf-8cf2-87d8d4c19e100', 'admin', 'jdgchvauajkuvbh', 'dsackacbjakcaw3', 'A1001', '2024-05-27',
        0, '2024-05-26 09:15:00'),
       ('300f0f5c-3691-48f2-bdb2-b104ef0fe5ca6', 'daf47a79-d8c8-4068-a9b6-e3bc18c8e725', 'jdgchvauajkuvbh',
        'dsackacbjakcaw3', 'A1002', '2024-05-27', 6, '2024-05-26 09:16:00'),
       ('307cef37-493a-48c1-beec-60ee7339f3316', 'daf47a79-d8c8-4068-a9b6-e3bc18c8e725', 'jdgchvauajkuvbh',
        'dsackacbjakcaw3', 'A1002', '2024-05-26', 6, '2024-05-25 19:29:05'),
       ('30bd4ae9-6269-492f-a097-6212bf48ccfb2', 'admin', 'jdgchvauajkuvbh', 'dsackacbjakcaw3', 'A1001', '2024-05-27',
        2, '2024-05-26 09:20:00'),
       ('30e02b91-bdc5-4059-8d86-d777ebe6c2f3', 'd40e8574-f865-48e5-8fb6-bdc3e8725e8d', 'jdgchvauajkuvbh',
        'dsackacbjakcaw3', 'A1002', '2024-05-25', 2, '2024-05-25 11:22:53'),
       ('30ef25c3-f727-40ed-8eb0-686758c2e1230', 'admin', 'jdgchvauajkuvbh', 'dsackacbjakcaw3', 'A1001', '2024-05-27',
        0, '2024-05-26 09:00:00'),
       ('310f77a6-4fb4-40e2-bb95-9f9d1116a3aa3', 'admin', 'jdgchvauajkuvbh', 'dsackacbjakcaw3', 'A1001', '2024-05-26',
        3, '2024-05-25 20:04:00'),
       ('3122002a-30c7-4f17-99cf-956edbee96700', 'admin', 'jdgchvauajkuvbh', 'dsackacbjakcaw3', 'A1001', '2024-05-26',
        0, '2024-05-25 19:39:00'),
       ('31df2834-a299-4a1d-a940-366bd06a459b1', 'daf47a79-d8c8-4068-a9b6-e3bc18c8e725', 'jdgchvauajkuvbh',
        'dsackacbjakcaw3', 'A1002', '2024-05-26', 1, '2024-05-25 20:02:00'),
       ('321fcc01-63a5-423e-9ca6-dd04b78d48792', 'daf47a79-d8c8-4068-a9b6-e3bc18c8e725', 'jdgchvauajkuvbh',
        'dsackacbjakcaw3', 'A1002', '2024-05-26', 2, '2024-05-25 19:50:01'),
       ('324bfb97-46ad-4170-89a2-7f971fc2748f1', 'admin', 'jdgchvauajkuvbh', 'dsackacbjakcaw3', 'A1001', '2024-05-26',
        1, '2024-05-25 19:42:00'),
       ('32599b99-7794-4d42-a4b1-849ed4ac43015', 'admin', 'jdgchvauajkuvbh', 'dsackacbjakcaw3', 'A1001', '2024-05-27',
        5, '2024-05-26 09:13:00'),
       ('32b8052c-1bdc-4f23-ba77-d6defd1c8f792', 'admin', 'jdgchvauajkuvbh', 'dsackacbjakcaw3', 'A1001', '2024-05-26',
        2, '2024-05-25 19:33:00'),
       ('33a50014-0da3-478e-88cb-067139e7d3241', 'daf47a79-d8c8-4068-a9b6-e3bc18c8e725', 'jdgchvauajkuvbh',
        'dsackacbjakcaw3', 'A1002', '2024-05-26', 1, '2024-05-25 19:54:01'),
       ('340e8740-d0a2-4eef-90ec-25e8057016b42', 'daf47a79-d8c8-4068-a9b6-e3bc18c8e725', 'jdgchvauajkuvbh',
        'dsackacbjakcaw3', 'A1002', '2024-05-27', 2, '2024-05-26 09:12:01'),
       ('34249b3b-3c11-4830-ae9f-6f5ca968f06b6', 'admin', 'jdgchvauajkuvbh', 'dsackacbjakcaw3', 'A1001', '2024-05-27',
        6, '2024-05-26 09:00:00'),
       ('34e159d5-7024-4bbf-b55f-b2959b421c661', 'daf47a79-d8c8-4068-a9b6-e3bc18c8e725', 'jdgchvauajkuvbh',
        'dsackacbjakcaw3', 'A1002', '2024-05-27', 1, '2024-05-26 09:06:00'),
       ('3599e624-f2ec-4725-a2d7-a4c00766b81b0', 'daf47a79-d8c8-4068-a9b6-e3bc18c8e725', 'jdgchvauajkuvbh',
        'dsackacbjakcaw3', 'A1002', '2024-05-26', 0, '2024-05-25 19:50:01'),
       ('35d0958c-ce25-4795-bac8-8bd2e932d20d5', 'daf47a79-d8c8-4068-a9b6-e3bc18c8e725', 'jdgchvauajkuvbh',
        'dsackacbjakcaw3', 'A1002', '2024-05-26', 5, '2024-05-25 19:53:00'),
       ('35fe7219-a6c8-435e-9fc9-56dacd9a2f762', 'daf47a79-d8c8-4068-a9b6-e3bc18c8e725', 'jdgchvauajkuvbh',
        'dsackacbjakcaw3', 'A1002', '2024-05-27', 2, '2024-05-26 09:23:00'),
       ('36385bd1-90c4-4f26-a337-b2f72b160e4a4', 'admin', 'jdgchvauajkuvbh', 'dsackacbjakcaw3', 'A1001', '2024-05-26',
        4, '2024-05-25 19:39:00'),
       ('3668a9cc-b73a-4ca2-b0d7-b89a9dd44bde2', 'daf47a79-d8c8-4068-a9b6-e3bc18c8e725', 'jdgchvauajkuvbh',
        'dsackacbjakcaw3', 'A1002', '2024-05-27', 2, '2024-05-26 09:03:00'),
       ('369108e6-c289-47cc-ac74-4c3e8f35d8986', 'admin', 'jdgchvauajkuvbh', 'dsackacbjakcaw3', 'A1001', '2024-05-27',
        6, '2024-05-26 09:11:00'),
       ('3694a307-ba14-471e-bf8f-c9e2e92cad666', 'admin', 'jdgchvauajkuvbh', 'dsackacbjakcaw3', 'A1001', '2024-05-26',
        6, '2024-05-25 19:00:00'),
       ('36cc5c66-26b7-4701-8824-2767a4af11db4', 'daf47a79-d8c8-4068-a9b6-e3bc18c8e725', 'jdgchvauajkuvbh',
        'dsackacbjakcaw3', 'A1002', '2024-05-26', 4, '2024-05-25 19:31:00'),
       ('36ef803d-7f93-4874-92ad-8ab793931d386', 'admin', 'jdgchvauajkuvbh', 'dsackacbjakcaw3', 'A1001', '2024-05-26',
        6, '2024-05-25 19:29:04'),
       ('37488c5f-b592-4ae7-8fa5-7cfdf03d0a494', 'daf47a79-d8c8-4068-a9b6-e3bc18c8e725', 'jdgchvauajkuvbh',
        'dsackacbjakcaw3', 'A1002', '2024-05-26', 4, '2024-05-25 11:40:07'),
       ('3749f277-7d75-46b3-9f98-6f0552c9b76f4', 'admin', 'jdgchvauajkuvbh', 'dsackacbjakcaw3', 'A1001', '2024-05-26',
        4, '2024-05-25 19:31:00'),
       ('378edc24-7318-4818-9637-1d2c639005903', 'daf47a79-d8c8-4068-a9b6-e3bc18c8e725', 'jdgchvauajkuvbh',
        'dsackacbjakcaw3', 'A1002', '2024-05-26', 3, '2024-05-25 19:32:00'),
       ('37c22d76-685f-49b0-9f2b-fc328ba092ca3', 'daf47a79-d8c8-4068-a9b6-e3bc18c8e725', 'jdgchvauajkuvbh',
        'dsackacbjakcaw3', 'A1002', '2024-05-26', 3, '2024-05-25 20:03:00'),
       ('37eb4325-5642-4d53-a7d4-49357abe43731', 'daf47a79-d8c8-4068-a9b6-e3bc18c8e725', 'jdgchvauajkuvbh',
        'dsackacbjakcaw3', 'A1002', '2024-05-26', 1, '2024-05-25 19:31:00'),
       ('37ef8674-6ad7-40f9-843d-a1841c119c953', 'daf47a79-d8c8-4068-a9b6-e3bc18c8e725', 'jdgchvauajkuvbh',
        'dsackacbjakcaw3', 'A1002', '2024-05-26', 3, '2024-05-25 11:40:07'),
       ('38543f88-67e3-40d2-9aa7-8d7b638cdb240', 'daf47a79-d8c8-4068-a9b6-e3bc18c8e725', 'jdgchvauajkuvbh',
        'dsackacbjakcaw3', 'A1002', '2024-05-26', 0, '2024-05-25 19:58:00'),
       ('385bb494-6dc9-4da4-ad5a-27caecde72395', 'admin', 'jdgchvauajkuvbh', 'dsackacbjakcaw3', 'A1001', '2024-05-26',
        5, '2024-05-25 20:02:00'),
       ('386348ab-55e6-4cb7-9f62-73e8ed7d51bc2', 'daf47a79-d8c8-4068-a9b6-e3bc18c8e725', 'jdgchvauajkuvbh',
        'dsackacbjakcaw3', 'A1002', '2024-05-27', 2, '2024-05-26 09:10:00'),
       ('38eb3e37-0581-412d-81d2-ba14c647bf751', 'daf47a79-d8c8-4068-a9b6-e3bc18c8e725', 'jdgchvauajkuvbh',
        'dsackacbjakcaw3', 'A1002', '2024-05-26', 1, '2024-05-25 19:34:00'),
       ('3947c0da-054b-4fc7-b468-0becda4831742', 'admin', 'jdgchvauajkuvbh', 'dsackacbjakcaw3', 'A1001', '2024-05-26',
        2, '2024-05-25 19:38:00'),
       ('397172f3-0fda-460d-aeab-0b1ec6f006351', 'admin', 'jdgchvauajkuvbh', 'dsackacbjakcaw3', 'A1001', '2024-05-26',
        1, '2024-05-25 19:00:00'),
       ('3a5a08b9-6c70-40e1-9cec-b4ee7a5445322', 'daf47a79-d8c8-4068-a9b6-e3bc18c8e725', 'jdgchvauajkuvbh',
        'dsackacbjakcaw3', 'A1002', '2024-05-26', 2, '2024-05-25 19:38:01'),
       ('3a89858b-2d24-45b8-aa09-9311497d494e6', 'admin', 'jdgchvauajkuvbh', 'dsackacbjakcaw3', 'A1001', '2024-05-27',
        6, '2024-05-26 09:22:00'),
       ('3a8fe5e1-72b8-4e13-95c0-f7ac5060c64f2', 'daf47a79-d8c8-4068-a9b6-e3bc18c8e725', 'jdgchvauajkuvbh',
        'dsackacbjakcaw3', 'A1002', '2024-05-27', 2, '2024-05-26 09:01:00'),
       ('3ad3d10e-fee2-49a1-8718-b9b593f416790', 'admin', 'jdgchvauajkuvbh', 'dsackacbjakcaw3', 'A1001', '2024-05-26',
        0, '2024-05-25 19:56:00'),
       ('3ae36f7a-7541-4989-bfaf-73858c58d6c71', 'daf47a79-d8c8-4068-a9b6-e3bc18c8e725', 'jdgchvauajkuvbh',
        'dsackacbjakcaw3', 'A1002', '2024-05-27', 1, '2024-05-26 09:11:01'),
       ('3b304393-d586-4012-b3b4-794e53e6c9635', 'admin', 'jdgchvauajkuvbh', 'dsackacbjakcaw3', 'A1001', '2024-05-26',
        5, '2024-05-25 19:35:00'),
       ('3c22bd80-f0e5-4f7c-804f-8d4fbc39b8b21', 'daf47a79-d8c8-4068-a9b6-e3bc18c8e725', 'jdgchvauajkuvbh',
        'dsackacbjakcaw3', 'A1002', '2024-05-26', 1, '2024-05-25 19:38:01'),
       ('3c6dc175-1f47-450d-9b65-209113603cca4', 'admin', 'jdgchvauajkuvbh', 'dsackacbjakcaw3', 'A1001', '2024-05-27',
        4, '2024-05-26 09:13:00'),
       ('3ccfb62f-5fc8-4024-a04d-77be4f3e107a1', 'daf47a79-d8c8-4068-a9b6-e3bc18c8e725', 'jdgchvauajkuvbh',
        'dsackacbjakcaw3', 'A1002', '2024-05-27', 1, '2024-05-26 09:21:00'),
       ('3d79aa6a-595a-4811-b4a8-bedb27b0c5c92', 'admin', 'jdgchvauajkuvbh', 'dsackacbjakcaw3', 'A1001', '2024-05-27',
        2, '2024-05-26 09:21:00'),
       ('3db7d6be-ccec-4407-adbf-eda9fe1be4821', 'daf47a79-d8c8-4068-a9b6-e3bc18c8e725', 'jdgchvauajkuvbh',
        'dsackacbjakcaw3', 'A1002', '2024-05-27', 1, '2024-05-26 09:19:00'),
       ('3db9662a-0919-4302-acb2-21132fe1ed350', 'admin', 'jdgchvauajkuvbh', 'dsackacbjakcaw3', 'A1001', '2024-05-27',
        0, '2024-05-26 09:04:00'),
       ('3df0ff32-04e0-4fdb-b5a6-266f448117b43', 'daf47a79-d8c8-4068-a9b6-e3bc18c8e725', 'jdgchvauajkuvbh',
        'dsackacbjakcaw3', 'A1002', '2024-05-27', 3, '2024-05-26 09:16:00'),
       ('3e63e600-b840-43ab-af8a-cb1da2e2937d3', 'admin', 'jdgchvauajkuvbh', 'dsackacbjakcaw3', 'A1001', '2024-05-26',
        3, '2024-05-25 19:32:00'),
       ('3e94a16b-1b13-462a-a316-f3c95ff0541d4', 'daf47a79-d8c8-4068-a9b6-e3bc18c8e725', 'jdgchvauajkuvbh',
        'dsackacbjakcaw3', 'A1002', '2024-05-26', 4, '2024-05-25 19:53:00'),
       ('3eb545d6-303e-49b3-a458-7faa23d0ddc52', 'daf47a79-d8c8-4068-a9b6-e3bc18c8e725', 'jdgchvauajkuvbh',
        'dsackacbjakcaw3', 'A1002', '2024-05-26', 2, '2024-05-25 19:42:00'),
       ('3ececdd7-ea6b-4c11-b111-1c194aeba56c4', 'admin', 'jdgchvauajkuvbh', 'dsackacbjakcaw3', 'A1001', '2024-05-27',
        4, '2024-05-26 08:59:00'),
       ('3f70b8a1-62d6-4774-9a5c-40ba9e1ae8105', 'daf47a79-d8c8-4068-a9b6-e3bc18c8e725', 'jdgchvauajkuvbh',
        'dsackacbjakcaw3', 'A1002', '2024-05-27', 5, '2024-05-26 09:12:01'),
       ('3fc2a829-db5a-45e8-9fb4-781ddd1a485d0', 'admin', 'jdgchvauajkuvbh', 'dsackacbjakcaw3', 'A1001', '2024-05-26',
        0, '2024-05-25 19:43:00'),
       ('3fe17290-9729-4a6b-be1a-749ae1e40241', 'c97ec857-8489-4b72-9d34-ba1247d02b55', 'jdgchvauajkavavvbh',
        'dsackacsvjakcaw1', 'c6awt9bvqff6hr0shasojk', '2024-05-12', 5, '2024-05-12 17:34:01'),
       ('40286abf-dae4-478f-b4eb-5b2bff15e13e1', 'daf47a79-d8c8-4068-a9b6-e3bc18c8e725', 'jdgchvauajkuvbh',
        'dsackacbjakcaw3', 'A1002', '2024-05-26', 1, '2024-05-25 19:47:00'),
       ('406b8ea0-b305-445f-80e6-350e120414023', 'admin', 'jdgchvauajkuvbh', 'dsackacbjakcaw3', 'A1001', '2024-05-26',
        3, '2024-05-25 19:36:00'),
       ('407b3cd7-2c59-4699-84b5-da87cbc8f5cf4', 'daf47a79-d8c8-4068-a9b6-e3bc18c8e725', 'jdgchvauajkuvbh',
        'dsackacbjakcaw3', 'A1002', '2024-06-07', 4, '2024-06-06 21:09:19'),
       ('40bb27a2-3afd-438a-98d5-ac9cda375d504', 'admin', 'jdgchvauajkuvbh', 'dsackacbjakcaw3', 'A1001', '2024-05-27',
        4, '2024-05-26 09:00:00'),
       ('40c1dd5e-5694-4a14-8830-ba1900badcd74', 'admin', 'jdgchvauajkuvbh', 'dsackacbjakcaw3', 'A1001', '2024-06-12',
        4, '2024-06-11 17:00:00'),
       ('40c3b7bb-f0ce-495c-980c-88fa6573602b6', 'daf47a79-d8c8-4068-a9b6-e3bc18c8e725', 'jdgchvauajkuvbh',
        'dsackacbjakcaw3', 'A1002', '2024-05-26', 6, '2024-05-25 19:43:00'),
       ('4132455c-61cb-4e44-bb64-c92522c93ce75', 'admin', 'jdgchvauajkuvbh', 'dsackacbjakcaw3', 'A1001', '2024-06-11',
        5, '2024-06-10 17:00:00'),
       ('415cc2e8-c7fa-47b9-aadd-98fc0f48df3d6', 'daf47a79-d8c8-4068-a9b6-e3bc18c8e725', 'jdgchvauajkuvbh',
        'dsackacbjakcaw3', 'A1002', '2024-05-27', 6, '2024-05-26 09:01:00'),
       ('416b2edc-c9f3-4de0-93ac-9394cd4eb26f2', 'admin', 'jdgchvauajkuvbh', 'dsackacbjakcaw3', 'A1001', '2024-05-26',
        2, '2024-05-25 19:53:00'),
       ('41b2fec6-fa44-4973-8e97-7fa2f60480e30', 'daf47a79-d8c8-4068-a9b6-e3bc18c8e725', 'jdgchvauajkuvbh',
        'dsackacbjakcaw3', 'A1002', '2024-05-26', 0, '2024-05-25 19:51:00'),
       ('427e39a2-6141-41fc-9ff5-01e5b24314044', 'daf47a79-d8c8-4068-a9b6-e3bc18c8e725', 'jdgchvauajkuvbh',
        'dsackacbjakcaw3', 'A1002', '2024-05-26', 4, '2024-05-25 19:33:01'),
       ('42b244e7-49d9-4b12-a2ad-5b8c34c6f2a75', 'daf47a79-d8c8-4068-a9b6-e3bc18c8e725', 'jdgchvauajkuvbh',
        'dsackacbjakcaw3', 'A1002', '2024-05-27', 5, '2024-05-26 09:02:00'),
       ('42dd2c58-f07c-4d2a-8c09-bde7861316631', 'daf47a79-d8c8-4068-a9b6-e3bc18c8e725', 'jdgchvauajkuvbh',
        'dsackacbjakcaw3', 'A1002', '2024-05-26', 1, '2024-05-25 19:32:00'),
       ('43312b6d-4245-4dec-ba4a-cb38a999a9533', 'daf47a79-d8c8-4068-a9b6-e3bc18c8e725', 'jdgchvauajkuvbh',
        'dsackacbjakcaw3', 'A1002', '2024-06-11', 3, '2024-06-10 14:19:06'),
       ('4470dbb2-1311-4522-ae42-361c2eb224392', 'daf47a79-d8c8-4068-a9b6-e3bc18c8e725', 'jdgchvauajkuvbh',
        'dsackacbjakcaw3', 'A1002', '2024-05-26', 2, '2024-05-25 19:29:05'),
       ('45951be6-d07c-49ad-a963-fa6cb2c67b7d4', 'daf47a79-d8c8-4068-a9b6-e3bc18c8e725', 'jdgchvauajkuvbh',
        'dsackacbjakcaw3', 'A1002', '2024-05-27', 4, '2024-05-26 08:58:01'),
       ('45c2b1be-ff84-4c72-8089-dc4e3db6aa216', 'admin', 'jdgchvauajkuvbh', 'dsackacbjakcaw3', 'A1001', '2024-05-26',
        6, '2024-05-25 19:46:00'),
       ('468c4ee7-f08a-482a-aa40-5956ab753b512', 'admin', 'jdgchvauajkuvbh', 'dsackacbjakcaw3', 'A1001', '2024-05-26',
        2, '2024-05-25 19:45:00'),
       ('46c8b20d-0f83-471c-bed3-cf7753b6276b2', 'daf47a79-d8c8-4068-a9b6-e3bc18c8e725', 'jdgchvauajkuvbh',
        'dsackacbjakcaw3', 'A1002', '2024-05-27', 2, '2024-05-26 09:08:00'),
       ('47316c19-f823-4fc6-9864-cc02003530ff3', 'admin', 'jdgchvauajkuvbh', 'dsackacbjakcaw3', 'A1001', '2024-05-26',
        3, '2024-05-25 19:29:04'),
       ('47731b92-fd1a-4a6e-bc14-53237eeca70f6', 'admin', 'jdgchvauajkuvbh', 'dsackacbjakcaw3', 'A1001', '2024-05-26',
        6, '2024-05-25 11:40:07'),
       ('47c4037a-b2f6-4af7-8dbd-07304b1497a00', 'daf47a79-d8c8-4068-a9b6-e3bc18c8e725', 'jdgchvauajkuvbh',
        'dsackacbjakcaw3', 'A1002', '2024-05-26', 0, '2024-05-25 19:44:00'),
       ('47e46908-0f7c-4c8f-b028-cbc57a9606844', 'admin', 'jdgchvauajkuvbh', 'dsackacbjakcaw3', 'A1001', '2024-05-27',
        4, '2024-05-26 09:18:00'),
       ('47f3b94c-ce8c-431d-a9c8-2888c44a4d1c4', 'daf47a79-d8c8-4068-a9b6-e3bc18c8e725', 'jdgchvauajkuvbh',
        'dsackacbjakcaw3', 'A1002', '2024-05-27', 4, '2024-05-26 09:09:00'),
       ('4869cb01-dcbb-4d35-a5e1-2a5c837c754b3', 'daf47a79-d8c8-4068-a9b6-e3bc18c8e725', 'jdgchvauajkuvbh',
        'dsackacbjakcaw3', 'A1002', '2024-05-26', 3, '2024-05-25 19:00:01'),
       ('48a594ae-174a-4739-907b-2399d7e848df1', 'daf47a79-d8c8-4068-a9b6-e3bc18c8e725', 'jdgchvauajkuvbh',
        'dsackacbjakcaw3', 'A1002', '2024-05-27', 1, '2024-05-26 08:59:00'),
       ('48c67f05-14d9-4fba-8ad6-e07f5cac2e884', 'admin', 'jdgchvauajkuvbh', 'dsackacbjakcaw3', 'A1001', '2024-05-27',
        4, '2024-05-26 09:19:00'),
       ('499263f7-5a2e-4343-b3c9-1e40c78fa6145', 'admin', 'jdgchvauajkuvbh', 'dsackacbjakcaw3', 'A1001', '2024-05-27',
        5, '2024-05-26 09:15:00'),
       ('499cc9eb-9125-4c09-9523-f3ca3d1119f52', 'admin', 'jdgchvauajkuvbh', 'dsackacbjakcaw3', 'A1001', '2024-06-05',
        2, '2024-06-04 17:18:54'),
       ('49aa71b1-c662-4225-ae78-2c06c0fa0a324', 'daf47a79-d8c8-4068-a9b6-e3bc18c8e725', 'jdgchvauajkuvbh',
        'dsackacbjakcaw3', 'A1002', '2024-05-27', 4, '2024-05-26 09:22:00'),
       ('49bcb549-29c5-4a02-a55d-f590245b23f45', 'admin', 'jdgchvauajkuvbh', 'dsackacbjakcaw3', 'A1001', '2024-06-07',
        5, '2024-06-06 21:09:18'),
       ('4a39b23a-ea7b-4241-9921-e2e6b9fab8fa0', 'admin', 'jdgchvauajkuvbh', 'dsackacbjakcaw3', 'A1001', '2024-05-26',
        0, '2024-05-25 19:53:00'),
       ('4c1c703a-e86d-4f45-b4e4-9a4b71d7ed710', 'admin', 'jdgchvauajkuvbh', 'dsackacbjakcaw3', 'A1001', '2024-05-26',
        0, '2024-05-25 19:40:00'),
       ('4c40cf66-334e-4994-b5ee-6be8632383852', 'admin', 'jdgchvauajkuvbh', 'dsackacbjakcaw3', 'A1001', '2024-05-27',
        2, '2024-05-26 09:23:00'),
       ('4c4b129d-43b1-49ca-889b-d711cb8d619e0', 'admin', 'jdgchvauajkuvbh', 'dsackacbjakcaw3', 'A1001', '2024-05-26',
        0, '2024-05-25 19:42:00'),
       ('4c4e1213-4450-4ea1-94ae-0dda4d88bf135', 'daf47a79-d8c8-4068-a9b6-e3bc18c8e725', 'jdgchvauajkuvbh',
        'dsackacbjakcaw3', 'A1002', '2024-05-26', 5, '2024-05-25 19:28:01'),
       ('4cb96fb8-a5d4-4bb4-8f4a-8a6c79f3c8da5', 'daf47a79-d8c8-4068-a9b6-e3bc18c8e725', 'jdgchvauajkuvbh',
        'dsackacbjakcaw3', 'A1002', '2024-05-26', 5, '2024-05-25 11:39:23'),
       ('4ccd3c07-720a-4dfe-a81e-9538d4ff73535', 'admin', 'jdgchvauajkuvbh', 'dsackacbjakcaw3', 'A1001', '2024-05-27',
        5, '2024-05-26 09:22:00'),
       ('4dd2fe30-f4b5-49ef-bf3f-687e0ac212416', 'admin', 'jdgchvauajkuvbh', 'dsackacbjakcaw3', 'A1001', '2024-05-26',
        6, '2024-05-25 19:30:00'),
       ('4e30fd87-f390-4b33-93b4-442919cbbc1a0', 'daf47a79-d8c8-4068-a9b6-e3bc18c8e725', 'jdgchvauajkuvbh',
        'dsackacbjakcaw3', 'A1002', '2024-05-26', 0, '2024-05-25 19:48:00'),
       ('4e39c543-2b1e-40b5-b16b-a85d905d0be34', 'admin', 'jdgchvauajkuvbh', 'dsackacbjakcaw3', 'A1001', '2024-05-26',
        4, '2024-05-25 19:59:00'),
       ('4e70a326-f896-4a63-b93f-ad6f36c170731', 'admin', 'jdgchvauajkuvbh', 'dsackacbjakcaw3', 'A1001', '2024-05-26',
        1, '2024-05-25 19:51:00'),
       ('4eee4728-d757-48d1-ad57-b228d33698d60', 'daf47a79-d8c8-4068-a9b6-e3bc18c8e725', 'jdgchvauajkuvbh',
        'dsackacbjakcaw3', 'A1002', '2024-05-27', 0, '2024-05-26 08:59:00'),
       ('4f26f8d6-ae34-4d15-8a64-6c623a83c5755', 'daf47a79-d8c8-4068-a9b6-e3bc18c8e725', 'jdgchvauajkuvbh',
        'dsackacbjakcaw3', 'A1002', '2024-05-26', 5, '2024-05-25 19:36:00'),
       ('4f40829f-e7e1-4844-9bd1-c6c48ee86c2b2', 'daf47a79-d8c8-4068-a9b6-e3bc18c8e725', 'jdgchvauajkuvbh',
        'dsackacbjakcaw3', 'A1002', '2024-05-27', 2, '2024-05-26 09:00:00'),
       ('4f56ef07-119d-4faa-94cb-9ab4e87108313', 'daf47a79-d8c8-4068-a9b6-e3bc18c8e725', 'jdgchvauajkuvbh',
        'dsackacbjakcaw3', 'A1002', '2024-05-26', 3, '2024-05-25 19:47:00'),
       ('4f8429c4-ed95-4c09-a0e1-d8dd39116bc96', 'daf47a79-d8c8-4068-a9b6-e3bc18c8e725', 'jdgchvauajkuvbh',
        'dsackacbjakcaw3', 'A1002', '2024-05-26', 6, '2024-05-25 20:00:00'),
       ('4fa62fe3-44fe-43fd-bd40-32f6e21c310f3', 'daf47a79-d8c8-4068-a9b6-e3bc18c8e725', 'jdgchvauajkuvbh',
        'dsackacbjakcaw3', 'A1002', '2024-05-26', 3, '2024-05-25 19:38:01'),
       ('4fb0af04-46c2-4fd6-bebf-450f4e4d8dee4', 'daf47a79-d8c8-4068-a9b6-e3bc18c8e725', 'jdgchvauajkuvbh',
        'dsackacbjakcaw3', 'A1002', '2024-06-11', 4, '2024-06-10 17:00:00'),
       ('4fd2e46b-5d65-409b-bdf2-ca33834864c06', 'daf47a79-d8c8-4068-a9b6-e3bc18c8e725', 'jdgchvauajkuvbh',
        'dsackacbjakcaw3', 'A1002', '2024-05-26', 6, '2024-05-25 19:34:00'),
       ('500b03ae-8c15-49dc-94f8-332c34600b522', 'admin', 'jdgchvauajkuvbh', 'dsackacbjakcaw3', 'A1001', '2024-05-27',
        2, '2024-05-26 09:04:00'),
       ('503c0063-b0e2-4972-bce5-0358ee4ada090', 'admin', 'jdgchvauajkuvbh', 'dsackacbjakcaw3', 'A1001', '2024-05-26',
        0, '2024-05-25 19:55:00'),
       ('50a3883c-7831-4580-9777-6f284d64d5864', 'daf47a79-d8c8-4068-a9b6-e3bc18c8e725', 'jdgchvauajkuvbh',
        'dsackacbjakcaw3', 'A1002', '2024-05-26', 4, '2024-05-25 19:49:00'),
       ('50f3eb65-be42-4b85-a44c-2cc3c205cf845', 'admin', 'jdgchvauajkuvbh', 'dsackacbjakcaw3', 'A1001', '2024-05-27',
        5, '2024-05-26 09:17:00'),
       ('50fba161-e97f-42ef-92d0-1faff5c2a8ae0', 'daf47a79-d8c8-4068-a9b6-e3bc18c8e725', 'jdgchvauajkuvbh',
        'dsackacbjakcaw3', 'A1002', '2024-05-27', 0, '2024-05-26 09:21:00'),
       ('51268de2-e374-4c7f-9fec-10910c1eb28f3', 'daf47a79-d8c8-4068-a9b6-e3bc18c8e725', 'jdgchvauajkuvbh',
        'dsackacbjakcaw3', 'A1002', '2024-05-26', 3, '2024-05-25 19:35:00'),
       ('51383ff6-efe4-45c9-a8e3-04486ed4eae63', 'daf47a79-d8c8-4068-a9b6-e3bc18c8e725', 'jdgchvauajkuvbh',
        'dsackacbjakcaw3', 'A1002', '2024-05-27', 3, '2024-05-26 09:14:00'),
       ('51718b72-9cdd-43db-b041-fe0e2531ae0a5', 'daf47a79-d8c8-4068-a9b6-e3bc18c8e725', 'jdgchvauajkuvbh',
        'dsackacbjakcaw3', 'A1002', '2024-05-26', 5, '2024-05-25 19:46:00'),
       ('51bb53a7-3bf2-473d-ba96-3a153c0402fe5', 'daf47a79-d8c8-4068-a9b6-e3bc18c8e725', 'jdgchvauajkuvbh',
        'dsackacbjakcaw3', 'A1002', '2024-05-27', 5, '2024-05-26 09:17:00'),
       ('51d5c1e7-e505-4f4d-a7cb-19dca65128882', 'daf47a79-d8c8-4068-a9b6-e3bc18c8e725', 'jdgchvauajkuvbh',
        'dsackacbjakcaw3', 'A1002', '2024-05-27', 2, '2024-05-26 08:59:00'),
       ('527acd10-feb4-4143-94a4-201bba353d7f1', 'admin', 'jdgchvauajkuvbh', 'dsackacbjakcaw3', 'A1001', '2024-05-26',
        1, '2024-05-25 19:45:00'),
       ('52e068e3-9b85-44e1-9754-220ca70b41df3', 'daf47a79-d8c8-4068-a9b6-e3bc18c8e725', 'jdgchvauajkuvbh',
        'dsackacbjakcaw3', 'A1002', '2024-05-26', 3, '2024-05-25 19:43:00'),
       ('536efed6-1341-4f24-bb45-4b6a5032ad1f5', 'daf47a79-d8c8-4068-a9b6-e3bc18c8e725', 'jdgchvauajkuvbh',
        'dsackacbjakcaw3', 'A1002', '2024-05-26', 5, '2024-05-25 11:40:07'),
       ('53971dd3-a743-4b23-adc7-1094cc8376301', 'admin', 'jdgchvauajkuvbh', 'dsackacbjakcaw3', 'A1001', '2024-05-27',
        1, '2024-05-26 09:19:00'),
       ('53cb9cbc-8441-4817-8ca7-74237f66b1274', 'admin', 'jdgchvauajkuvbh', 'dsackacbjakcaw3', 'A1001', '2024-05-26',
        4, '2024-05-25 19:35:00'),
       ('5429f180-57bc-4865-92e8-a26aea4515b76', 'admin', 'jdgchvauajkuvbh', 'dsackacbjakcaw3', 'A1001', '2024-05-26',
        6, '2024-05-25 19:36:00'),
       ('54c99882-2abf-4ee1-b032-9f7e2f17c3f75', 'daf47a79-d8c8-4068-a9b6-e3bc18c8e725', 'jdgchvauajkuvbh',
        'dsackacbjakcaw3', 'A1002', '2024-05-26', 5, '2024-05-25 19:52:00'),
       ('54c9bd74-8bf2-446b-94af-c7047ce77ea25', 'daf47a79-d8c8-4068-a9b6-e3bc18c8e725', 'jdgchvauajkuvbh',
        'dsackacbjakcaw3', 'A1002', '2024-05-27', 5, '2024-05-26 09:14:00'),
       ('55a9e64d-66d8-4cb0-8fe6-d983e8dcc6803', 'admin', 'jdgchvauajkuvbh', 'dsackacbjakcaw3', 'A1001', '2024-05-27',
        3, '2024-05-26 09:02:00'),
       ('55b0cd84-47a4-47a1-942f-5726cf397ed54', 'admin', 'jdgchvauajkuvbh', 'dsackacbjakcaw3', 'A1001', '2024-05-26',
        4, '2024-05-25 19:44:00'),
       ('5638c6e8-dac6-4c94-888e-925090b48ddd4', 'admin', 'jdgchvauajkuvbh', 'dsackacbjakcaw3', 'A1001', '2024-05-27',
        4, '2024-05-26 09:07:00'),
       ('5717d70b-3931-4527-b53a-45e4d02bc3f06', 'daf47a79-d8c8-4068-a9b6-e3bc18c8e725', 'jdgchvauajkuvbh',
        'dsackacbjakcaw3', 'A1002', '2024-05-27', 6, '2024-05-26 08:59:00'),
       ('5725361e-5beb-44a7-8e5e-73a049bb58155', 'admin', 'jdgchvauajkuvbh', 'dsackacbjakcaw3', 'A1001', '2024-05-26',
        5, '2024-05-25 19:38:00'),
       ('576d23dd-33b4-4bda-8606-fc5540349f280', 'daf47a79-d8c8-4068-a9b6-e3bc18c8e725', 'jdgchvauajkuvbh',
        'dsackacbjakcaw3', 'A1002', '2024-05-26', 0, '2024-05-25 19:37:00'),
       ('576d671c-4f3f-4742-b816-6c65d700348b2', 'daf47a79-d8c8-4068-a9b6-e3bc18c8e725', 'jdgchvauajkuvbh',
        'dsackacbjakcaw3', 'A1002', '2024-05-27', 2, '2024-05-26 09:17:00'),
       ('577ee2e3-36eb-48bb-8a64-b5d51bd6f63f5', 'admin', 'jdgchvauajkuvbh', 'dsackacbjakcaw3', 'A1001', '2024-05-27',
        5, '2024-05-26 09:02:00'),
       ('57d8a78a-e7ce-4785-8d3f-88ef0f9620750', 'daf47a79-d8c8-4068-a9b6-e3bc18c8e725', 'jdgchvauajkuvbh',
        'dsackacbjakcaw3', 'A1002', '2024-05-26', 0, '2024-05-25 19:34:00'),
       ('57df2a42-103a-4aa7-b77a-0026055fed581', 'admin', 'jdgchvauajkuvbh', 'dsackacbjakcaw3', 'A1001', '2024-05-26',
        1, '2024-05-25 11:40:07'),
       ('5867854a-a479-41f5-9fb6-acbf096b6cd84', 'admin', 'jdgchvauajkuvbh', 'dsackacbjakcaw3', 'A1001', '2024-05-26',
        4, '2024-05-25 20:03:00'),
       ('5885182e-3adc-49c4-a058-300e8a14e7870', 'daf47a79-d8c8-4068-a9b6-e3bc18c8e725', 'jdgchvauajkuvbh',
        'dsackacbjakcaw3', 'A1002', '2024-05-27', 0, '2024-05-26 09:16:00'),
       ('588b441e-43b0-46c5-a984-fa505c3eaf534', 'daf47a79-d8c8-4068-a9b6-e3bc18c8e725', 'jdgchvauajkuvbh',
        'dsackacbjakcaw3', 'A1002', '2024-05-27', 4, '2024-05-26 09:19:00'),
       ('58a70099-da29-4fe8-bffc-4e57785a41896', 'admin', 'jdgchvauajkuvbh', 'dsackacbjakcaw3', 'A1001', '2024-05-26',
        6, '2024-05-25 19:35:00'),
       ('591dc3c4-1e8b-4c5f-b373-22834b09ec001', 'daf47a79-d8c8-4068-a9b6-e3bc18c8e725', 'jdgchvauajkuvbh',
        'dsackacbjakcaw3', 'A1002', '2024-05-27', 1, '2024-05-26 09:16:00'),
       ('5923eb73-e501-460c-9a3a-651fd50858511', 'admin', 'jdgchvauajkuvbh', 'dsackacbjakcaw3', 'A1001', '2024-05-27',
        1, '2024-05-26 09:09:00'),
       ('5955d11f-7e6f-4dd3-9476-b9919b2390a90', 'daf47a79-d8c8-4068-a9b6-e3bc18c8e725', 'jdgchvauajkuvbh',
        'dsackacbjakcaw3', 'A1002', '2024-05-26', 0, '2024-05-25 19:54:01'),
       ('59a28072-2b27-42ec-afaa-dc21c9207d0d6', 'admin', 'jdgchvauajkuvbh', 'dsackacbjakcaw3', 'A1001', '2024-05-26',
        6, '2024-05-25 19:33:00'),
       ('59c95fb6-6475-4527-a60f-88c1bded62942', 'admin', 'jdgchvauajkuvbh', 'dsackacbjakcaw3', 'A1001', '2024-05-27',
        2, '2024-05-26 09:19:00'),
       ('59ffac79-6d1e-4e94-8e8b-da841c84496c6', 'daf47a79-d8c8-4068-a9b6-e3bc18c8e725', 'jdgchvauajkuvbh',
        'dsackacbjakcaw3', 'A1002', '2024-05-27', 6, '2024-05-26 09:09:00'),
       ('5a7203c6-5319-4db1-9d07-5a58a597ced23', 'admin', 'jdgchvauajkuvbh', 'dsackacbjakcaw3', 'A1001', '2024-05-26',
        3, '2024-05-25 19:52:00'),
       ('5aa1d687-5af4-4ede-bd4e-63ef9db035771', 'daf47a79-d8c8-4068-a9b6-e3bc18c8e725', 'jdgchvauajkuvbh',
        'dsackacbjakcaw3', 'A1002', '2024-05-27', 1, '2024-05-26 09:20:00'),
       ('5ad1c9ac-6608-47c5-b189-2ec2690b9b702', 'admin', 'jdgchvauajkuvbh', 'dsackacbjakcaw3', 'A1001', '2024-05-26',
        2, '2024-05-25 19:32:00'),
       ('5ad1cc44-c204-4c2d-9a30-9c7b44e695661', 'admin', 'jdgchvauajkuvbh', 'dsackacbjakcaw3', 'A1001', '2024-05-26',
        1, '2024-05-25 19:48:00'),
       ('5ad40d7e-ede6-42c3-aa31-817473d3b8fb', 'c97ec857-8489-4b72-9d34-ba1247d02b55', 'jdgchvauajkavavvbh',
        'dsackacsvjakcaw1', 'c6awt9bvqff6hr0shasojk', '2024-05-12', 6, '2024-05-12 17:34:14'),
       ('5ad50893-22ef-4e52-bd24-bc02ddb018ee1', 'admin', 'jdgchvauajkuvbh', 'dsackacbjakcaw3', 'A1001', '2024-05-27',
        1, '2024-05-26 09:24:00'),
       ('5b082c10-9229-4550-b93c-178c19b311001', 'daf47a79-d8c8-4068-a9b6-e3bc18c8e725', 'jdgchvauajkuvbh',
        'dsackacbjakcaw3', 'A1002', '2024-05-26', 1, '2024-05-25 19:45:00'),
       ('5b4239fd-53b6-4f54-b8b1-935503e956c23', 'daf47a79-d8c8-4068-a9b6-e3bc18c8e725', 'jdgchvauajkuvbh',
        'dsackacbjakcaw3', 'A1002', '2024-05-26', 3, '2024-05-25 19:36:00'),
       ('5b53330e-f87a-41ab-9eeb-7a83ce7b3ce16', 'admin', 'jdgchvauajkuvbh', 'dsackacbjakcaw3', 'A1001', '2024-06-11',
        6, '2024-06-10 17:00:00'),
       ('5b62ff5c-7ad6-4e12-8101-6ae9eb5fbc303', 'daf47a79-d8c8-4068-a9b6-e3bc18c8e725', 'jdgchvauajkuvbh',
        'dsackacbjakcaw3', 'A1002', '2024-05-27', 3, '2024-05-26 09:24:00'),
       ('5b7deb13-50c2-4c34-a3ae-3e22d4cea1874', 'admin', 'jdgchvauajkuvbh', 'dsackacbjakcaw3', 'A1001', '2024-05-26',
        4, '2024-05-25 19:43:00'),
       ('5b86cef6-0870-4102-84e0-078a0ecb48895', 'admin', 'jdgchvauajkuvbh', 'dsackacbjakcaw3', 'A1001', '2024-05-27',
        5, '2024-05-26 09:14:00'),
       ('5bfa4513-3400-4a52-8b60-b195944ce5600', 'admin', 'jdgchvauajkuvbh', 'dsackacbjakcaw3', 'A1001', '2024-05-27',
        0, '2024-05-26 09:09:00'),
       ('5c030628-9166-4219-95cf-1791375356232', 'daf47a79-d8c8-4068-a9b6-e3bc18c8e725', 'jdgchvauajkuvbh',
        'dsackacbjakcaw3', 'A1002', '2024-05-26', 2, '2024-05-25 19:54:01'),
       ('5c3235d0-7f2e-46d3-bccd-d4538fb5a7574', 'daf47a79-d8c8-4068-a9b6-e3bc18c8e725', 'jdgchvauajkuvbh',
        'dsackacbjakcaw3', 'A1002', '2024-05-26', 4, '2024-05-25 19:36:00'),
       ('5c82365f-49d5-496c-ad6a-2ac820ce03316', 'admin', 'jdgchvauajkuvbh', 'dsackacbjakcaw3', 'A1001', '2024-05-27',
        6, '2024-05-26 09:14:00'),
       ('5cd5bae7-a8e5-4f2e-a4d7-ee8a11376afd6', 'daf47a79-d8c8-4068-a9b6-e3bc18c8e725', 'jdgchvauajkuvbh',
        'dsackacbjakcaw3', 'A1002', '2024-06-05', 6, '2024-06-04 17:18:55'),
       ('5d215444-af2e-41c2-8a44-fd226c1733c46', 'daf47a79-d8c8-4068-a9b6-e3bc18c8e725', 'jdgchvauajkuvbh',
        'dsackacbjakcaw3', 'A1002', '2024-05-26', 6, '2024-05-25 19:33:01'),
       ('5d5ade91-dc1a-43f0-a6c6-2cf54dc8fc0b1', 'admin', 'jdgchvauajkuvbh', 'dsackacbjakcaw3', 'A1001', '2024-05-26',
        1, '2024-05-25 19:50:00'),
       ('5d5fc724-1c4a-402f-a211-e7c24f33ef7d3', 'daf47a79-d8c8-4068-a9b6-e3bc18c8e725', 'jdgchvauajkuvbh',
        'dsackacbjakcaw3', 'A1002', '2024-05-26', 3, '2024-05-25 19:39:00'),
       ('5d60e75b-c7e3-4f77-8dc8-05a255560bde4', 'admin', 'jdgchvauajkuvbh', 'dsackacbjakcaw3', 'A1001', '2024-05-27',
        4, '2024-05-26 09:04:00'),
       ('5de9bd36-12ae-49a0-a70a-839dbe7d0b415', 'daf47a79-d8c8-4068-a9b6-e3bc18c8e725', 'jdgchvauajkuvbh',
        'dsackacbjakcaw3', 'A1002', '2024-06-07', 5, '2024-06-06 21:09:19'),
       ('5dff0ec6-5d81-446c-9332-219e1abaa7332', 'daf47a79-d8c8-4068-a9b6-e3bc18c8e725', 'jdgchvauajkuvbh',
        'dsackacbjakcaw3', 'A1002', '2024-05-26', 2, '2024-05-25 19:44:00'),
       ('5e5d45b5-7678-47e0-a7ca-a9c18d32a6555', 'daf47a79-d8c8-4068-a9b6-e3bc18c8e725', 'jdgchvauajkuvbh',
        'dsackacbjakcaw3', 'A1002', '2024-05-27', 5, '2024-05-26 09:07:00'),
       ('5e79c848-67ea-4ba9-8310-e34b924676be3', 'admin', 'jdgchvauajkuvbh', 'dsackacbjakcaw3', 'A1001', '2024-05-26',
        3, '2024-05-25 19:59:00'),
       ('5e9b72e6-9650-4b62-9854-cf8d5246a2260', 'admin', 'jdgchvauajkuvbh', 'dsackacbjakcaw3', 'A1001', '2024-05-27',
        0, '2024-05-26 09:22:00'),
       ('5f219f5c-7eca-4788-b298-dcf8237cf4645', 'admin', 'jdgchvauajkuvbh', 'dsackacbjakcaw3', 'A1001', '2024-05-27',
        5, '2024-05-26 09:04:00'),
       ('5f4488f6-7019-410f-ba78-6d3c54f9d9eb5', 'daf47a79-d8c8-4068-a9b6-e3bc18c8e725', 'jdgchvauajkuvbh',
        'dsackacbjakcaw3', 'A1002', '2024-05-26', 5, '2024-05-25 19:39:00'),
       ('5fc95293-ab88-4f43-b6b6-b754d90083563', 'admin', 'jdgchvauajkuvbh', 'dsackacbjakcaw3', 'A1001', '2024-05-26',
        3, '2024-05-25 19:00:00'),
       ('5fe7a82f-1892-4e10-ab78-08879dcc2e240', 'admin', 'jdgchvauajkuvbh', 'dsackacbjakcaw3', 'A1001', '2024-05-26',
        0, '2024-05-25 20:02:00'),
       ('5fec6864-a708-4a85-b090-e0f31b22d5e22', 'daf47a79-d8c8-4068-a9b6-e3bc18c8e725', 'jdgchvauajkuvbh',
        'dsackacbjakcaw3', 'A1002', '2024-05-26', 2, '2024-05-25 19:36:00'),
       ('60506855-d260-4dba-95c2-e7857a9595315', 'admin', 'jdgchvauajkuvbh', 'dsackacbjakcaw3', 'A1001', '2024-05-26',
        5, '2024-05-25 19:55:00'),
       ('6059f6d6-e224-4d67-9459-6729f3226b8c5', 'daf47a79-d8c8-4068-a9b6-e3bc18c8e725', 'jdgchvauajkuvbh',
        'dsackacbjakcaw3', 'A1002', '2024-05-27', 5, '2024-05-26 09:13:00'),
       ('605d3dab-7ce8-458d-b19b-64c4aa3c33a66', 'admin', 'jdgchvauajkuvbh', 'dsackacbjakcaw3', 'A1001', '2024-05-26',
        6, '2024-05-25 19:54:00'),
       ('60693c9a-b162-4fcf-a592-610c0f80699b5', 'daf47a79-d8c8-4068-a9b6-e3bc18c8e725', 'jdgchvauajkuvbh',
        'dsackacbjakcaw3', 'A1002', '2024-05-27', 5, '2024-05-26 09:16:00'),
       ('607f5789-de2b-4979-a4d4-1628a3d629b40', 'admin', 'jdgchvauajkuvbh', 'dsackacbjakcaw3', 'A1001', '2024-05-26',
        0, '2024-05-25 19:38:00'),
       ('60ce2201-2a69-4f60-bf3f-27f922e8645a4', 'admin', 'jdgchvauajkuvbh', 'dsackacbjakcaw3', 'A1001', '2024-05-26',
        4, '2024-05-25 19:50:00'),
       ('60ddbfce-e772-4998-9159-5ee983aafe732', 'daf47a79-d8c8-4068-a9b6-e3bc18c8e725', 'jdgchvauajkuvbh',
        'dsackacbjakcaw3', 'A1002', '2024-05-27', 2, '2024-05-26 09:16:00'),
       ('60e35124-3fec-4704-ae52-4f83349be30e0', 'daf47a79-d8c8-4068-a9b6-e3bc18c8e725', 'jdgchvauajkuvbh',
        'dsackacbjakcaw3', 'A1002', '2024-05-26', 0, '2024-05-25 19:59:00'),
       ('610ae18c-4bb6-444b-981e-f2ae507289f01', 'admin', 'jdgchvauajkuvbh', 'dsackacbjakcaw3', 'A1001', '2024-05-26',
        1, '2024-05-25 19:37:00'),
       ('6128934c-b13e-4663-a4ed-c708a3c85bca1', 'daf47a79-d8c8-4068-a9b6-e3bc18c8e725', 'jdgchvauajkuvbh',
        'dsackacbjakcaw3', 'A1002', '2024-05-27', 1, '2024-05-26 09:18:00'),
       ('61dfb506-9580-42af-878c-759614d717c65', 'admin', 'jdgchvauajkuvbh', 'dsackacbjakcaw3', 'A1001', '2024-05-26',
        5, '2024-05-25 20:01:00'),
       ('6225bfe8-9401-47b0-80d8-ae1e15d8ffca6', 'admin', 'jdgchvauajkuvbh', 'dsackacbjakcaw3', 'A1001', '2024-05-26',
        6, '2024-05-25 19:37:00'),
       ('627fcc82-6ff2-4834-804f-ca1f6be3dd2e3', 'admin', 'jdgchvauajkuvbh', 'dsackacbjakcaw3', 'A1001', '2024-05-26',
        3, '2024-05-25 19:42:00'),
       ('6283c0cc-c372-4e79-9224-f7dd69e06a193', 'admin', 'jdgchvauajkuvbh', 'dsackacbjakcaw3', 'A1001', '2024-05-27',
        3, '2024-05-26 09:09:00'),
       ('62ab99a4-b05c-4a4b-82ff-d4e725e5b8bc0', 'daf47a79-d8c8-4068-a9b6-e3bc18c8e725', 'jdgchvauajkuvbh',
        'dsackacbjakcaw3', 'A1002', '2024-05-27', 0, '2024-05-26 09:06:00'),
       ('62b5c6e2-86d8-4680-9bfc-d37979b7ac043', 'daf47a79-d8c8-4068-a9b6-e3bc18c8e725', 'jdgchvauajkuvbh',
        'dsackacbjakcaw3', 'A1002', '2024-05-26', 3, '2024-05-25 19:33:01'),
       ('6307a648-3b9d-4bf8-9e92-36c009a329f36', 'admin', 'jdgchvauajkuvbh', 'dsackacbjakcaw3', 'A1001', '2024-05-27',
        6, '2024-05-26 09:10:00'),
       ('6336fa41-5ac5-4372-9bbd-a47bbd3de5113', 'daf47a79-d8c8-4068-a9b6-e3bc18c8e725', 'jdgchvauajkuvbh',
        'dsackacbjakcaw3', 'A1002', '2024-05-26', 3, '2024-05-25 19:55:01'),
       ('6355a08e-04f0-4b17-bf21-c098b02f347e1', 'daf47a79-d8c8-4068-a9b6-e3bc18c8e725', 'jdgchvauajkuvbh',
        'dsackacbjakcaw3', 'A1002', '2024-05-27', 1, '2024-05-26 09:12:01'),
       ('63813c33-18f5-4e1e-a55a-cbf5308cfffc3', 'admin', 'jdgchvauajkuvbh', 'dsackacbjakcaw3', 'A1001', '2024-06-07',
        3, '2024-06-06 21:09:18'),
       ('63919d6b-9ada-44d9-9a53-e45e98a33ceb6', 'daf47a79-d8c8-4068-a9b6-e3bc18c8e725', 'jdgchvauajkuvbh',
        'dsackacbjakcaw3', 'A1002', '2024-05-26', 6, '2024-05-25 19:56:00'),
       ('642e5055-62ea-4f5a-a355-1c90b7fb0e741', 'daf47a79-d8c8-4068-a9b6-e3bc18c8e725', 'jdgchvauajkuvbh',
        'dsackacbjakcaw3', 'A1002', '2024-05-26', 1, '2024-05-25 19:55:01'),
       ('6450c5f5-d67e-4c7b-895f-dd76a8debbf03', 'daf47a79-d8c8-4068-a9b6-e3bc18c8e725', 'jdgchvauajkuvbh',
        'dsackacbjakcaw3', 'A1002', '2024-05-26', 3, '2024-05-25 19:48:00'),
       ('646f7423-40e0-4c10-8c36-a0a6551d748b3', 'admin', 'jdgchvauajkuvbh', 'dsackacbjakcaw3', 'A1001', '2024-05-27',
        3, '2024-05-26 09:22:00'),
       ('6473a425-abcc-4553-86df-d4ec2824986e1', 'admin', 'jdgchvauajkuvbh', 'dsackacbjakcaw3', 'A1001', '2024-05-27',
        1, '2024-05-26 09:08:00'),
       ('64a71fe0-294e-4f4c-8947-f38799237a2f5', 'daf47a79-d8c8-4068-a9b6-e3bc18c8e725', 'jdgchvauajkuvbh',
        'dsackacbjakcaw3', 'A1002', '2024-05-26', 5, '2024-05-25 20:01:00'),
       ('64f3d771-727b-453f-b183-a459bc21d1fc1', 'daf47a79-d8c8-4068-a9b6-e3bc18c8e725', 'jdgchvauajkuvbh',
        'dsackacbjakcaw3', 'A1002', '2024-05-26', 1, '2024-05-25 19:48:00'),
       ('64f4cc59-0005-47cf-afbc-5fdb4f344c084', 'daf47a79-d8c8-4068-a9b6-e3bc18c8e725', 'jdgchvauajkuvbh',
        'dsackacbjakcaw3', 'A1002', '2024-05-27', 4, '2024-05-26 09:14:00'),
       ('652c17ca-2fdd-4c41-a8bd-8dfee5fd48f70', 'daf47a79-d8c8-4068-a9b6-e3bc18c8e725', 'jdgchvauajkuvbh',
        'dsackacbjakcaw3', 'A1002', '2024-05-26', 0, '2024-05-25 20:04:00'),
       ('657c5542-a451-4265-aaa8-b84026a388233', 'daf47a79-d8c8-4068-a9b6-e3bc18c8e725', 'jdgchvauajkuvbh',
        'dsackacbjakcaw3', 'A1002', '2024-05-26', 3, '2024-05-25 19:42:00'),
       ('659eb50f-f487-4390-a734-7fa6c2c6e1d60', 'admin', 'jdgchvauajkuvbh', 'dsackacbjakcaw3', 'A1001', '2024-05-27',
        0, '2024-05-26 09:24:00'),
       ('65a5e2c4-67ed-47e6-b7b0-317d78ca2ae14', 'admin', 'jdgchvauajkuvbh', 'dsackacbjakcaw3', 'A1001', '2024-05-27',
        4, '2024-05-26 09:10:00'),
       ('661df3a3-397a-415e-8812-915a1cb6e2dd2', 'daf47a79-d8c8-4068-a9b6-e3bc18c8e725', 'jdgchvauajkuvbh',
        'dsackacbjakcaw3', 'A1002', '2024-05-26', 2, '2024-05-25 11:39:23'),
       ('6621271b-ed79-43f1-bab3-121f8c2b80536', 'admin', 'jdgchvauajkuvbh', 'dsackacbjakcaw3', 'A1001', '2024-05-27',
        6, '2024-05-26 09:24:00'),
       ('66558828-2dc6-4f80-b9c9-b1e64eac26076', 'admin', 'jdgchvauajkuvbh', 'dsackacbjakcaw3', 'A1001', '2024-05-26',
        6, '2024-05-25 19:43:00'),
       ('666c7de9-142e-4d31-87be-f02f1c20f5dd0', 'admin', 'jdgchvauajkuvbh', 'dsackacbjakcaw3', 'A1001', '2024-05-27',
        0, '2024-05-26 09:23:00'),
       ('66875de9-bad1-48b5-80af-172de7e14ca96', 'admin', 'jdgchvauajkuvbh', 'dsackacbjakcaw3', 'A1001', '2024-05-26',
        6, '2024-05-25 19:40:00'),
       ('66a04609-edb8-44ce-b206-8d5cdb10eb9f6', 'daf47a79-d8c8-4068-a9b6-e3bc18c8e725', 'jdgchvauajkuvbh',
        'dsackacbjakcaw3', 'A1002', '2024-05-27', 6, '2024-05-26 09:07:00'),
       ('66a9ef42-f258-44d9-969c-79b992d7738d6', 'admin', 'jdgchvauajkuvbh', 'dsackacbjakcaw3', 'A1001', '2024-05-27',
        6, '2024-05-26 09:01:00'),
       ('66d11594-4c14-495f-bb6a-efb4f3c798953', 'admin', 'jdgchvauajkuvbh', 'dsackacbjakcaw3', 'A1001', '2024-05-26',
        3, '2024-05-25 19:28:01'),
       ('67155b8f-efee-4a46-8c46-6781b8c06e5c0', 'daf47a79-d8c8-4068-a9b6-e3bc18c8e725', 'jdgchvauajkuvbh',
        'dsackacbjakcaw3', 'A1002', '2024-05-26', 0, '2024-05-25 11:40:07'),
       ('675407b1-f653-48cb-8417-1197395a6a673', 'daf47a79-d8c8-4068-a9b6-e3bc18c8e725', 'jdgchvauajkuvbh',
        'dsackacbjakcaw3', 'A1002', '2024-05-26', 3, '2024-05-25 11:39:23'),
       ('67e8c7da-e0d9-453f-a9e1-cd406d851c546', 'admin', 'jdgchvauajkuvbh', 'dsackacbjakcaw3', 'A1001', '2024-05-26',
        6, '2024-05-25 19:42:00'),
       ('68310041-4b99-43e3-91b9-6486f51e00051', 'daf47a79-d8c8-4068-a9b6-e3bc18c8e725', 'jdgchvauajkuvbh',
        'dsackacbjakcaw3', 'A1002', '2024-05-26', 1, '2024-05-25 19:58:00'),
       ('685720d0-a594-4faa-be54-603292e431443', 'daf47a79-d8c8-4068-a9b6-e3bc18c8e725', 'jdgchvauajkuvbh',
        'dsackacbjakcaw3', 'A1002', '2024-05-26', 3, '2024-05-25 19:51:00'),
       ('687fd138-dcb7-43f8-bbbf-3fa8d5bfc3001', 'admin', 'jdgchvauajkuvbh', 'dsackacbjakcaw3', 'A1001', '2024-05-27',
        1, '2024-05-26 09:03:00'),
       ('68c8e118-3bd6-455b-9652-7e174a79b8e40', 'admin', 'jdgchvauajkuvbh', 'dsackacbjakcaw3', 'A1001', '2024-05-26',
        0, '2024-05-25 19:50:00'),
       ('69b66314-eb50-47b5-83c4-b6e1b8b155053', 'daf47a79-d8c8-4068-a9b6-e3bc18c8e725', 'jdgchvauajkuvbh',
        'dsackacbjakcaw3', 'A1002', '2024-05-26', 3, '2024-05-25 20:02:00'),
       ('69fa11a3-a2e0-4e92-ac67-fc710ea314eb2', 'admin', 'jdgchvauajkuvbh', 'dsackacbjakcaw3', 'A1001', '2024-05-26',
        2, '2024-05-25 19:51:00'),
       ('6a16059c-e633-4821-8185-91bb12a7ada53', 'daf47a79-d8c8-4068-a9b6-e3bc18c8e725', 'jdgchvauajkuvbh',
        'dsackacbjakcaw3', 'A1002', '2024-05-26', 3, '2024-05-25 19:58:00'),
       ('6a403420-5228-4af5-8b12-fd6820e2063a3', 'admin', 'jdgchvauajkuvbh', 'dsackacbjakcaw3', 'A1001', '2024-06-05',
        3, '2024-06-04 17:18:54'),
       ('6a532fa2-4d35-47cd-b184-fa1609364ca70', 'daf47a79-d8c8-4068-a9b6-e3bc18c8e725', 'jdgchvauajkuvbh',
        'dsackacbjakcaw3', 'A1002', '2024-05-26', 0, '2024-05-25 19:32:00'),
       ('6b5044b5-2f5e-4cf3-a978-6570ba3417fa4', 'daf47a79-d8c8-4068-a9b6-e3bc18c8e725', 'jdgchvauajkuvbh',
        'dsackacbjakcaw3', 'A1002', '2024-05-27', 4, '2024-05-26 09:06:00'),
       ('6c5116ac-bf82-4439-823a-d8f1a9963d703', 'admin', 'jdgchvauajkuvbh', 'dsackacbjakcaw3', 'A1001', '2024-05-26',
        3, '2024-05-25 19:51:00'),
       ('6c8be93e-9177-471f-a31e-ec6eb64363d04', 'daf47a79-d8c8-4068-a9b6-e3bc18c8e725', 'jdgchvauajkuvbh',
        'dsackacbjakcaw3', 'A1002', '2024-05-27', 4, '2024-05-26 09:03:00'),
       ('6c8f0ad3-931f-4322-985e-b80db234b4895', 'daf47a79-d8c8-4068-a9b6-e3bc18c8e725', 'jdgchvauajkuvbh',
        'dsackacbjakcaw3', 'A1002', '2024-05-26', 5, '2024-05-25 20:04:00'),
       ('6c91f6f0-c9bd-412f-872b-046579a948143', 'admin', 'jdgchvauajkuvbh', 'dsackacbjakcaw3', 'A1001', '2024-05-27',
        3, '2024-05-26 09:12:00'),
       ('6cb8960f-1f5e-4b35-af6e-97eae3eddffd3', 'admin', 'jdgchvauajkuvbh', 'dsackacbjakcaw3', 'A1001', '2024-05-27',
        3, '2024-05-26 09:04:00'),
       ('6ccdbe6d-4136-45f3-aee2-bee50f86f2931', 'admin', 'jdgchvauajkuvbh', 'dsackacbjakcaw3', 'A1001', '2024-05-26',
        1, '2024-05-25 19:35:00'),
       ('6d847ee6-73d7-404a-b841-1589a65ef0993', 'admin', 'jdgchvauajkuvbh', 'dsackacbjakcaw3', 'A1001', '2024-05-27',
        3, '2024-05-26 09:10:00'),
       ('6d9b5dd3-a962-4d21-b578-66fea58852c55', 'admin', 'jdgchvauajkuvbh', 'dsackacbjakcaw3', 'A1001', '2024-05-27',
        5, '2024-05-26 09:16:00'),
       ('6dcbe256-51f6-4e86-a155-136b449a3b582', 'admin', 'jdgchvauajkuvbh', 'dsackacbjakcaw3', 'A1001', '2024-05-26',
        2, '2024-05-25 19:56:00'),
       ('6dea4b10-1ef2-47e3-ac43-3e8c1dba957f6', 'daf47a79-d8c8-4068-a9b6-e3bc18c8e725', 'jdgchvauajkuvbh',
        'dsackacbjakcaw3', 'A1002', '2024-05-27', 6, '2024-05-26 09:06:00'),
       ('6df70d50-d7de-4b25-9850-5a5157a76cf94', 'admin', 'jdgchvauajkuvbh', 'dsackacbjakcaw3', 'A1001', '2024-05-26',
        4, '2024-05-25 20:00:00'),
       ('6f68d8a8-5910-4ec5-9d06-dda8e5cc58e0', 'admin', 'jdgchvauajkavavvbh', 'dsackacsvjakcaw1',
        'c6awt9bvqff6hr0shasojk', '2024-05-07', 6, '2024-05-07 21:24:05'),
       ('70686ae2-3549-4049-9ed2-276ac6e789993', 'admin', 'jdgchvauajkuvbh', 'dsackacbjakcaw3', 'A1001', '2024-05-26',
        3, '2024-05-25 19:35:00'),
       ('7072fc4a-6831-4f27-9cd0-42dfb17359620', 'daf47a79-d8c8-4068-a9b6-e3bc18c8e725', 'jdgchvauajkuvbh',
        'dsackacbjakcaw3', 'A1002', '2024-05-27', 0, '2024-05-26 09:23:00'),
       ('708e19fc-e0fa-40e3-932c-e67bfcfbdfd06', 'daf47a79-d8c8-4068-a9b6-e3bc18c8e725', 'jdgchvauajkuvbh',
        'dsackacbjakcaw3', 'A1002', '2024-05-26', 6, '2024-05-25 19:36:00'),
       ('70e99139-9687-4c73-83c9-7fc16c09ad323', 'admin', 'jdgchvauajkuvbh', 'dsackacbjakcaw3', 'A1001', '2024-05-27',
        3, '2024-05-26 09:17:00'),
       ('712a5857-c4a9-4804-a455-e9ab8153ae721', 'daf47a79-d8c8-4068-a9b6-e3bc18c8e725', 'jdgchvauajkuvbh',
        'dsackacbjakcaw3', 'A1002', '2024-05-27', 1, '2024-05-26 09:15:00'),
       ('712e848f-152e-4b47-a0e1-53f2d4ea8d971', 'admin', 'jdgchvauajkuvbh', 'dsackacbjakcaw3', 'A1001', '2024-05-27',
        1, '2024-05-26 09:01:00'),
       ('71d83748-e241-4490-91bb-231a3b5b1be81', 'daf47a79-d8c8-4068-a9b6-e3bc18c8e725', 'jdgchvauajkuvbh',
        'dsackacbjakcaw3', 'A1002', '2024-05-26', 1, '2024-05-25 19:40:00'),
       ('71daa3cc-1bc8-45e1-9efa-3897326e35a83', 'admin', 'jdgchvauajkuvbh', 'dsackacbjakcaw3', 'A1001', '2024-05-26',
        3, '2024-05-25 19:38:00'),
       ('72505fbc-37e2-482d-952c-7887dcfeb2355', 'admin', 'jdgchvauajkuvbh', 'dsackacbjakcaw3', 'A1001', '2024-05-27',
        5, '2024-05-26 09:03:00'),
       ('7265e95c-9ad8-4eea-80c3-8d7c76fc24b54', 'daf47a79-d8c8-4068-a9b6-e3bc18c8e725', 'jdgchvauajkuvbh',
        'dsackacbjakcaw3', 'A1002', '2024-05-26', 4, '2024-05-25 19:47:00'),
       ('72d7a805-aaf1-4467-ad06-fa8c5e9fdf3d2', 'admin', 'jdgchvauajkuvbh', 'dsackacbjakcaw3', 'A1001', '2024-05-26',
        2, '2024-05-25 20:03:00'),
       ('72da50ee-fa61-4781-962d-3b1c5d6822820', 'daf47a79-d8c8-4068-a9b6-e3bc18c8e725', 'jdgchvauajkuvbh',
        'dsackacbjakcaw3', 'A1002', '2024-05-26', 0, '2024-05-25 19:38:01'),
       ('72fdd534-ee96-4f3f-8c78-19e0dda8c42c3', 'daf47a79-d8c8-4068-a9b6-e3bc18c8e725', 'jdgchvauajkuvbh',
        'dsackacbjakcaw3', 'A1002', '2024-05-27', 3, '2024-05-26 09:10:00'),
       ('730823d4-2979-45e2-8519-be129e029fd80', 'daf47a79-d8c8-4068-a9b6-e3bc18c8e725', 'jdgchvauajkuvbh',
        'dsackacbjakcaw3', 'A1002', '2024-05-26', 0, '2024-05-25 19:46:00'),
       ('73392eab-0eb8-44b2-958e-693d177839c81', 'admin', 'jdgchvauajkuvbh', 'dsackacbjakcaw3', 'A1001', '2024-05-27',
        1, '2024-05-26 09:06:00'),
       ('73757c44-8ab8-4a48-8fa2-1ec5b85b74080', 'daf47a79-d8c8-4068-a9b6-e3bc18c8e725', 'jdgchvauajkuvbh',
        'dsackacbjakcaw3', 'A1002', '2024-05-27', 0, '2024-05-26 08:58:01'),
       ('73796857-7219-4807-8d37-7500cd1468ac6', 'admin', 'jdgchvauajkuvbh', 'dsackacbjakcaw3', 'A1001', '2024-05-27',
        6, '2024-05-26 09:19:00'),
       ('73f8c3b2-a42d-42f9-8070-d7b122065f561', 'admin', 'jdgchvauajkuvbh', 'dsackacbjakcaw3', 'A1001', '2024-05-27',
        1, '2024-05-26 09:04:00'),
       ('7494fd4e-960f-4d89-9a58-c9575f55af412', 'admin', 'jdgchvauajkuvbh', 'dsackacbjakcaw3', 'A1001', '2024-05-26',
        2, '2024-05-25 19:39:00'),
       ('749e690d-b33c-41c8-9d49-a004915a70875', 'admin', 'jdgchvauajkuvbh', 'dsackacbjakcaw3', 'A1001', '2024-05-27',
        5, '2024-05-26 09:18:00'),
       ('74c090d9-9560-4eaf-a3f2-cfc9dec6414a5', 'daf47a79-d8c8-4068-a9b6-e3bc18c8e725', 'jdgchvauajkuvbh',
        'dsackacbjakcaw3', 'A1002', '2024-05-27', 5, '2024-05-26 09:01:00'),
       ('74f2bfa2-fab9-4940-af58-445031acdedd4', 'daf47a79-d8c8-4068-a9b6-e3bc18c8e725', 'jdgchvauajkuvbh',
        'dsackacbjakcaw3', 'A1002', '2024-05-26', 4, '2024-05-25 19:34:00'),
       ('7503b4fd-a1cd-43e2-b61e-abcbb561bb270', 'admin', 'jdgchvauajkuvbh', 'dsackacbjakcaw3', 'A1001', '2024-05-27',
        0, '2024-05-26 09:21:00'),
       ('75597514-b89d-436b-99c9-d656bf1d780c3', 'admin', 'jdgchvauajkuvbh', 'dsackacbjakcaw3', 'A1001', '2024-05-27',
        3, '2024-05-26 09:06:00'),
       ('75667117-5be7-4784-b552-1cfc559fb8786', 'daf47a79-d8c8-4068-a9b6-e3bc18c8e725', 'jdgchvauajkuvbh',
        'dsackacbjakcaw3', 'A1002', '2024-05-26', 6, '2024-05-25 19:44:00'),
       ('75674954-c899-4340-8d08-c7e25ea6ceae0', 'admin', 'jdgchvauajkuvbh', 'dsackacbjakcaw3', 'A1001', '2024-05-26',
        0, '2024-05-25 19:52:00'),
       ('76154cea-0706-4e02-ad5c-20f72e0375f90', 'admin', 'jdgchvauajkuvbh', 'dsackacbjakcaw3', 'A1001', '2024-05-26',
        0, '2024-05-25 19:30:00'),
       ('761ed718-2f2c-4702-a1e4-a1953266aa070', 'daf47a79-d8c8-4068-a9b6-e3bc18c8e725', 'jdgchvauajkuvbh',
        'dsackacbjakcaw3', 'A1002', '2024-05-26', 0, '2024-05-25 20:01:00'),
       ('76b1a358-90b5-4b67-a414-e44a76f25b6f1', 'daf47a79-d8c8-4068-a9b6-e3bc18c8e725', 'jdgchvauajkuvbh',
        'dsackacbjakcaw3', 'A1002', '2024-05-27', 1, '2024-05-26 09:10:00'),
       ('77dad1fc-c77c-4322-85a7-25ca457239751', 'daf47a79-d8c8-4068-a9b6-e3bc18c8e725', 'jdgchvauajkuvbh',
        'dsackacbjakcaw3', 'A1002', '2024-05-26', 1, '2024-05-25 20:01:00'),
       ('77db64b6-f865-4867-b644-6889d390dc691', 'admin', 'jdgchvauajkuvbh', 'dsackacbjakcaw3', 'A1001', '2024-05-26',
        1, '2024-05-25 19:28:01'),
       ('780dbadf-3035-4f32-8f16-07aca50c3ddc5', 'admin', 'jdgchvauajkuvbh', 'dsackacbjakcaw3', 'A1001', '2024-05-27',
        5, '2024-05-26 09:09:00'),
       ('781ce045-89d2-4766-b3a4-ab9a6f2098896', 'daf47a79-d8c8-4068-a9b6-e3bc18c8e725', 'jdgchvauajkuvbh',
        'dsackacbjakcaw3', 'A1002', '2024-05-27', 6, '2024-05-26 09:20:00'),
       ('78482568-590e-4cc0-addc-2dced42b4e5f3', 'admin', 'jdgchvauajkuvbh', 'dsackacbjakcaw3', 'A1001', '2024-05-26',
        3, '2024-05-25 19:41:00'),
       ('78cf1a78-62e8-4e51-b67f-80cef6cd6f950', 'admin', 'jdgchvauajkuvbh', 'dsackacbjakcaw3', 'A1001', '2024-05-26',
        0, '2024-05-25 19:57:00'),
       ('7977e2c4-126a-4ecc-bd0c-0ba8eb148b2f3', 'admin', 'jdgchvauajkuvbh', 'dsackacbjakcaw3', 'A1001', '2024-05-27',
        3, '2024-05-26 09:00:00'),
       ('79986e86-4777-4141-8414-db73178c2c8c2', 'daf47a79-d8c8-4068-a9b6-e3bc18c8e725', 'jdgchvauajkuvbh',
        'dsackacbjakcaw3', 'A1002', '2024-05-27', 2, '2024-05-26 09:19:00'),
       ('7a388c2b-d919-4cb0-9e39-9e884bd4b3114', 'admin', 'jdgchvauajkuvbh', 'dsackacbjakcaw3', 'A1001', '2024-05-27',
        4, '2024-05-26 09:21:00'),
       ('7a4ee616-fe77-4ceb-9728-9931750a94203', 'admin', 'jdgchvauajkuvbh', 'dsackacbjakcaw3', 'A1001', '2024-05-26',
        3, '2024-05-25 11:40:07'),
       ('7a534f14-9a06-4ca1-8b7a-60ba824edbb14', 'daf47a79-d8c8-4068-a9b6-e3bc18c8e725', 'jdgchvauajkuvbh',
        'dsackacbjakcaw3', 'A1002', '2024-05-27', 4, '2024-05-26 09:18:00'),
       ('7aa44a01-20b6-4e9a-913d-04a05c83d6ad6', 'daf47a79-d8c8-4068-a9b6-e3bc18c8e725', 'jdgchvauajkuvbh',
        'dsackacbjakcaw3', 'A1002', '2024-05-26', 6, '2024-05-25 19:57:00'),
       ('7b14697c-873f-4b39-9f14-5f656d76df7d6', 'daf47a79-d8c8-4068-a9b6-e3bc18c8e725', 'jdgchvauajkuvbh',
        'dsackacbjakcaw3', 'A1002', '2024-05-27', 6, '2024-05-26 09:23:00'),
       ('7bc243b0-dd6c-4aac-86c6-0fb369afe69f6', 'daf47a79-d8c8-4068-a9b6-e3bc18c8e725', 'jdgchvauajkuvbh',
        'dsackacbjakcaw3', 'A1002', '2024-05-27', 6, '2024-05-26 09:18:00'),
       ('7bd1cd79-48c1-4a3d-b092-98229471e70a2', 'daf47a79-d8c8-4068-a9b6-e3bc18c8e725', 'jdgchvauajkuvbh',
        'dsackacbjakcaw3', 'A1002', '2024-05-26', 2, '2024-05-25 19:45:00'),
       ('7cb615db-8dcf-482c-8073-c4095577f6d80', 'daf47a79-d8c8-4068-a9b6-e3bc18c8e725', 'jdgchvauajkuvbh',
        'dsackacbjakcaw3', 'A1002', '2024-05-27', 0, '2024-05-26 09:20:00'),
       ('7cc71957-b526-407a-96b0-2ede57893ebc4', 'daf47a79-d8c8-4068-a9b6-e3bc18c8e725', 'jdgchvauajkuvbh',
        'dsackacbjakcaw3', 'A1002', '2024-05-27', 4, '2024-05-26 09:12:01'),
       ('7d019fa8-7394-4594-b38e-41b7da1ee1b66', 'daf47a79-d8c8-4068-a9b6-e3bc18c8e725', 'jdgchvauajkuvbh',
        'dsackacbjakcaw3', 'A1002', '2024-05-26', 6, '2024-05-25 20:01:00'),
       ('7d093b4f-a2d9-4341-900f-4586b3a5fdc62', 'admin', 'jdgchvauajkuvbh', 'dsackacbjakcaw3', 'A1001', '2024-05-27',
        2, '2024-05-26 08:59:00'),
       ('7d595704-c635-4531-9d43-af4925febc8d2', 'admin', 'jdgchvauajkuvbh', 'dsackacbjakcaw3', 'A1001', '2024-05-26',
        2, '2024-05-25 20:00:00'),
       ('7e031850-c1f4-4a1a-9957-4a744bf53b6d6', 'daf47a79-d8c8-4068-a9b6-e3bc18c8e725', 'jdgchvauajkuvbh',
        'dsackacbjakcaw3', 'A1002', '2024-05-26', 6, '2024-05-25 19:55:01'),
       ('7e17d037-c973-4ed9-8da1-6960390858924', 'admin', 'jdgchvauajkuvbh', 'dsackacbjakcaw3', 'A1001', '2024-05-26',
        4, '2024-05-25 19:53:00'),
       ('7eeef3ed-9150-4d34-ad26-f004148a44212', 'daf47a79-d8c8-4068-a9b6-e3bc18c8e725', 'jdgchvauajkuvbh',
        'dsackacbjakcaw3', 'A1002', '2024-05-27', 2, '2024-05-26 09:09:00'),
       ('7ef863d8-43ef-43f0-8f7a-b18cf3a6d4435', 'daf47a79-d8c8-4068-a9b6-e3bc18c8e725', 'jdgchvauajkuvbh',
        'dsackacbjakcaw3', 'A1002', '2024-06-12', 5, '2024-06-11 17:00:00'),
       ('7f47b66e-ff1a-4d28-8664-163e314690305', 'admin', 'jdgchvauajkuvbh', 'dsackacbjakcaw3', 'A1001', '2024-05-27',
        5, '2024-05-26 09:11:00'),
       ('7fdb033c-f3ec-4927-982d-ff746f1840271', 'admin', 'jdgchvauajkuvbh', 'dsackacbjakcaw3', 'A1001', '2024-05-26',
        1, '2024-05-25 19:39:00'),
       ('7fe08728-6bfb-48fd-8615-540f5fb69c424', 'daf47a79-d8c8-4068-a9b6-e3bc18c8e725', 'jdgchvauajkuvbh',
        'dsackacbjakcaw3', 'A1002', '2024-05-26', 4, '2024-05-25 19:42:00'),
       ('7fec1598-9958-444d-a1f4-48a71bad8a6b0', 'daf47a79-d8c8-4068-a9b6-e3bc18c8e725', 'jdgchvauajkuvbh',
        'dsackacbjakcaw3', 'A1002', '2024-05-27', 0, '2024-05-26 09:08:00'),
       ('8000ad1f-9f2c-4f68-ba62-3512fe0cfe2c2', 'daf47a79-d8c8-4068-a9b6-e3bc18c8e725', 'jdgchvauajkuvbh',
        'dsackacbjakcaw3', 'A1002', '2024-05-26', 2, '2024-05-25 19:57:00'),
       ('80216091-5bc5-42be-af7e-4e1dd2654e595', 'admin', 'jdgchvauajkuvbh', 'dsackacbjakcaw3', 'A1001', '2024-05-27',
        5, '2024-05-26 09:06:00'),
       ('80220524-ed5c-4193-92e3-627cd360ece21', 'admin', 'jdgchvauajkuvbh', 'dsackacbjakcaw3', 'A1001', '2024-05-27',
        1, '2024-05-26 09:18:00'),
       ('807e3e98-3a50-4a6b-8ba3-b13d73ff37865', 'admin', 'jdgchvauajkuvbh', 'dsackacbjakcaw3', 'A1001', '2024-05-26',
        5, '2024-05-25 19:49:00'),
       ('80927bf9-a0b0-4867-a0a4-a30ec909a5305', 'daf47a79-d8c8-4068-a9b6-e3bc18c8e725', 'jdgchvauajkuvbh',
        'dsackacbjakcaw3', 'A1002', '2024-06-11', 5, '2024-06-10 14:19:06'),
       ('80f5f998-e435-4f52-a0e3-30ee4d9f94486', 'daf47a79-d8c8-4068-a9b6-e3bc18c8e725', 'jdgchvauajkuvbh',
        'dsackacbjakcaw3', 'A1002', '2024-05-26', 6, '2024-05-25 19:47:00'),
       ('80f73702-b154-4ba3-8cd5-4df036796ba46', 'admin', 'jdgchvauajkuvbh', 'dsackacbjakcaw3', 'A1001', '2024-05-26',
        6, '2024-05-25 19:55:00'),
       ('8131f84d-5013-4c29-8523-1ca52bc59b276', 'daf47a79-d8c8-4068-a9b6-e3bc18c8e725', 'jdgchvauajkuvbh',
        'dsackacbjakcaw3', 'A1002', '2024-05-26', 6, '2024-05-25 11:39:23'),
       ('815bc6db-985d-4145-8f9d-3c4d83924e8b6', 'daf47a79-d8c8-4068-a9b6-e3bc18c8e725', 'jdgchvauajkuvbh',
        'dsackacbjakcaw3', 'A1002', '2024-05-27', 6, '2024-05-26 09:10:00'),
       ('81697efc-8d65-4a6d-87c9-281cafc7c7621', 'daf47a79-d8c8-4068-a9b6-e3bc18c8e725', 'jdgchvauajkuvbh',
        'dsackacbjakcaw3', 'A1002', '2024-05-26', 1, '2024-05-25 19:41:00'),
       ('81b356af-dedd-4689-b011-5962b7d195b70', 'admin', 'jdgchvauajkuvbh', 'dsackacbjakcaw3', 'A1001', '2024-05-27',
        0, '2024-05-26 09:18:00'),
       ('81e2518a-3d53-4358-8d69-64d2d7815dc85', 'admin', 'jdgchvauajkuvbh', 'dsackacbjakcaw3', 'A1001', '2024-05-27',
        5, '2024-05-26 09:23:00'),
       ('8218f95b-7461-4903-a124-f863bb7131ca0', 'admin', 'jdgchvauajkuvbh', 'dsackacbjakcaw3', 'A1001', '2024-05-27',
        0, '2024-05-26 09:17:00'),
       ('82204458-2fcd-4ec7-bf77-514b040d6d746', 'admin', 'jdgchvauajkuvbh', 'dsackacbjakcaw3', 'A1001', '2024-05-26',
        6, '2024-05-25 20:03:00'),
       ('82243ed6-aade-4dd4-bc0f-30faee0a474a5', 'admin', 'jdgchvauajkuvbh', 'dsackacbjakcaw3', 'A1001', '2024-05-26',
        5, '2024-05-25 19:37:00'),
       ('8278fd26-ff43-4d1c-a128-a002214e180f5', 'admin', 'jdgchvauajkuvbh', 'dsackacbjakcaw3', 'A1001', '2024-06-11',
        5, '2024-06-10 14:19:06'),
       ('82a20b40-a315-4e40-997d-eaba803ca92a0', 'daf47a79-d8c8-4068-a9b6-e3bc18c8e725', 'jdgchvauajkuvbh',
        'dsackacbjakcaw3', 'A1002', '2024-05-26', 0, '2024-05-25 19:55:01'),
       ('844386f1-2f0d-4b26-9061-9b8ca8863bac5', 'admin', 'jdgchvauajkuvbh', 'dsackacbjakcaw3', 'A1001', '2024-05-26',
        5, '2024-05-25 19:52:00'),
       ('844d49e8-6678-43d0-858b-624db9fba9021', 'admin', 'jdgchvauajkuvbh', 'dsackacbjakcaw3', 'A1001', '2024-05-26',
        1, '2024-05-25 19:31:00'),
       ('84857ff0-4246-4eb3-89f9-43f93f27c7430', 'daf47a79-d8c8-4068-a9b6-e3bc18c8e725', 'jdgchvauajkuvbh',
        'dsackacbjakcaw3', 'A1002', '2024-05-27', 0, '2024-05-26 09:17:00'),
       ('849e98d4-cc33-4ecd-9612-2e91b028e8462', 'admin', 'jdgchvauajkuvbh', 'dsackacbjakcaw3', 'A1001', '2024-05-27',
        2, '2024-05-26 08:58:00'),
       ('852dd8d4-9998-424b-bd9b-8eb148c2a2ab0', 'daf47a79-d8c8-4068-a9b6-e3bc18c8e725', 'jdgchvauajkuvbh',
        'dsackacbjakcaw3', 'A1002', '2024-05-26', 0, '2024-05-25 19:47:00'),
       ('856ba9e9-9db2-4983-b2ce-740b779cc40c6', 'admin', 'jdgchvauajkuvbh', 'dsackacbjakcaw3', 'A1001', '2024-05-27',
        6, '2024-05-26 09:02:00'),
       ('85849b9a-0986-4ec2-9d80-6528c4b0b4e94', 'daf47a79-d8c8-4068-a9b6-e3bc18c8e725', 'jdgchvauajkuvbh',
        'dsackacbjakcaw3', 'A1002', '2024-05-26', 4, '2024-05-25 11:39:23'),
       ('85d2b3fd-d306-4d8c-a812-5aa43bc15ca84', 'daf47a79-d8c8-4068-a9b6-e3bc18c8e725', 'jdgchvauajkuvbh',
        'dsackacbjakcaw3', 'A1002', '2024-05-26', 4, '2024-05-25 19:51:00'),
       ('86025a73-1115-419e-a7ad-4b5aa09376c95', 'daf47a79-d8c8-4068-a9b6-e3bc18c8e725', 'jdgchvauajkuvbh',
        'dsackacbjakcaw3', 'A1002', '2024-05-26', 5, '2024-05-25 19:54:01'),
       ('86108c6a-36f7-4b02-aec4-62d84af13e1f3', 'admin', 'jdgchvauajkuvbh', 'dsackacbjakcaw3', 'A1001', '2024-05-27',
        3, '2024-05-26 09:03:00'),
       ('86178d3a-0ab1-4f1a-8750-b4a4d0e2b8471', 'admin', 'jdgchvauajkuvbh', 'dsackacbjakcaw3', 'A1001', '2024-05-26',
        1, '2024-05-25 19:43:00'),
       ('86240ad5-2057-429d-8807-adddb83ef8d41', 'daf47a79-d8c8-4068-a9b6-e3bc18c8e725', 'jdgchvauajkuvbh',
        'dsackacbjakcaw3', 'A1002', '2024-05-26', 1, '2024-05-25 19:50:01'),
       ('86311a73-b204-486f-8021-bc7cae60a2866', 'admin', 'jdgchvauajkuvbh', 'dsackacbjakcaw3', 'A1001', '2024-05-26',
        6, '2024-05-25 19:52:00'),
       ('869ca54e-f325-4179-862b-cf9abc127ad10', 'admin', 'jdgchvauajkuvbh', 'dsackacbjakcaw3', 'A1001', '2024-05-27',
        0, '2024-05-26 09:19:00'),
       ('86f0fff6-c771-4ebf-8c74-d4c92c35acf96', 'admin', 'jdgchvauajkuvbh', 'dsackacbjakcaw3', 'A1001', '2024-05-26',
        6, '2024-05-25 19:56:00'),
       ('870d79dc-92ac-4ad7-bdb0-6a2accd3ea810', 'daf47a79-d8c8-4068-a9b6-e3bc18c8e725', 'jdgchvauajkuvbh',
        'dsackacbjakcaw3', 'A1002', '2024-05-26', 0, '2024-05-25 19:52:00'),
       ('8716a01e-e905-4846-891a-1145539776540', 'daf47a79-d8c8-4068-a9b6-e3bc18c8e725', 'jdgchvauajkuvbh',
        'dsackacbjakcaw3', 'A1002', '2024-05-26', 0, '2024-05-25 19:31:00'),
       ('872c13c5-7b58-479b-b851-6705f94bb7b70', 'daf47a79-d8c8-4068-a9b6-e3bc18c8e725', 'jdgchvauajkuvbh',
        'dsackacbjakcaw3', 'A1002', '2024-05-26', 0, '2024-05-25 19:42:00'),
       ('875ce9b1-b011-4523-acc4-02064419a37c3', 'daf47a79-d8c8-4068-a9b6-e3bc18c8e725', 'jdgchvauajkuvbh',
        'dsackacbjakcaw3', 'A1002', '2024-05-26', 3, '2024-05-25 19:30:00'),
       ('878c110e-5bc7-41ef-b9ed-e51bf106ad192', 'admin', 'jdgchvauajkuvbh', 'dsackacbjakcaw3', 'A1001', '2024-05-26',
        2, '2024-05-25 20:01:00'),
       ('87963526-07cc-43c3-a0b9-b51c18b62ed41', 'admin', 'jdgchvauajkuvbh', 'dsackacbjakcaw3', 'A1001', '2024-05-26',
        1, '2024-05-25 19:53:00'),
       ('8820d623-4bae-45a4-b6c3-83e06511be171', 'daf47a79-d8c8-4068-a9b6-e3bc18c8e725', 'jdgchvauajkuvbh',
        'dsackacbjakcaw3', 'A1002', '2024-05-26', 1, '2024-05-25 19:28:01'),
       ('883c635c-f3ca-4e63-b081-1b72550e4c031', 'admin', 'jdgchvauajkuvbh', 'dsackacbjakcaw3', 'A1001', '2024-05-26',
        1, '2024-05-25 19:54:00'),
       ('884fbadf-e4ec-464c-88b3-fb85d79a79943', 'daf47a79-d8c8-4068-a9b6-e3bc18c8e725', 'jdgchvauajkuvbh',
        'dsackacbjakcaw3', 'A1002', '2024-05-27', 3, '2024-05-26 08:59:00'),
       ('88522b2d-c8c0-4b23-9fe5-865a831eb7f93', 'daf47a79-d8c8-4068-a9b6-e3bc18c8e725', 'jdgchvauajkuvbh',
        'dsackacbjakcaw3', 'A1002', '2024-05-26', 3, '2024-05-25 19:49:00'),
       ('886c661d-d0a2-41aa-9c85-a595a3f90a382', 'admin', 'jdgchvauajkuvbh', 'dsackacbjakcaw3', 'A1001', '2024-05-26',
        2, '2024-05-25 19:47:00'),
       ('88728481-b6b5-408e-9c84-c74bc69fd4bb5', 'daf47a79-d8c8-4068-a9b6-e3bc18c8e725', 'jdgchvauajkuvbh',
        'dsackacbjakcaw3', 'A1002', '2024-05-26', 5, '2024-05-25 20:00:00'),
       ('887acf76-a352-4e1f-9d56-faf6464bf9453', 'daf47a79-d8c8-4068-a9b6-e3bc18c8e725', 'jdgchvauajkuvbh',
        'dsackacbjakcaw3', 'A1002', '2024-05-27', 3, '2024-05-26 09:19:00'),
       ('88bb5c14-0edd-4ef7-b0ab-1c722886dd400', 'admin', 'jdgchvauajkuvbh', 'dsackacbjakcaw3', 'A1001', '2024-05-26',
        0, '2024-05-25 19:44:00'),
       ('8961a1da-d7a3-4e49-8265-57e459b713b22', 'admin', 'jdgchvauajkuvbh', 'dsackacbjakcaw3', 'A1001', '2024-05-27',
        2, '2024-05-26 09:03:00'),
       ('8999f822-db4f-49cb-80cd-28a8b7a243dd6', 'admin', 'jdgchvauajkuvbh', 'dsackacbjakcaw3', 'A1001', '2024-05-26',
        6, '2024-05-25 19:48:00'),
       ('8a0cfa70-95ef-4e83-bf71-55b8e18bdf134', 'daf47a79-d8c8-4068-a9b6-e3bc18c8e725', 'jdgchvauajkuvbh',
        'dsackacbjakcaw3', 'A1002', '2024-05-27', 4, '2024-05-26 09:15:00'),
       ('8af7573a-c524-4088-b048-29e5e61b9bb10', 'daf47a79-d8c8-4068-a9b6-e3bc18c8e725', 'jdgchvauajkuvbh',
        'dsackacbjakcaw3', 'A1002', '2024-05-27', 0, '2024-05-26 09:18:00'),
       ('8b11258f-7415-4bb2-bf3e-bc12de1eb3152', 'admin', 'jdgchvauajkuvbh', 'dsackacbjakcaw3', 'A1001', '2024-05-26',
        2, '2024-05-25 19:37:00'),
       ('8b2a3c8a-e7ae-4055-9161-c91db86755926', 'admin', 'jdgchvauajkuvbh', 'dsackacbjakcaw3', 'A1001', '2024-05-26',
        6, '2024-05-25 19:57:00'),
       ('8b7c9c7f-e504-4299-ba14-24718587e2e45', 'admin', 'jdgchvauajkuvbh', 'dsackacbjakcaw3', 'A1001', '2024-05-26',
        5, '2024-05-25 19:48:00'),
       ('8c5db1c6-8159-4086-aac2-99f8a7ff6cad3', 'admin', 'jdgchvauajkuvbh', 'dsackacbjakcaw3', 'A1001', '2024-05-26',
        3, '2024-05-25 19:34:00'),
       ('8c92a78f-17b5-4fee-9109-f007e08119992', 'admin', 'jdgchvauajkuvbh', 'dsackacbjakcaw3', 'A1001', '2024-05-27',
        2, '2024-05-26 09:00:00'),
       ('8cd24d85-425e-44cc-be64-9f344f8b6d8e2', 'daf47a79-d8c8-4068-a9b6-e3bc18c8e725', 'jdgchvauajkuvbh',
        'dsackacbjakcaw3', 'A1002', '2024-06-05', 2, '2024-06-04 17:18:55'),
       ('8d2ac9f3-f5ae-4fa0-a5fd-4f9ee8ca01fb2', 'daf47a79-d8c8-4068-a9b6-e3bc18c8e725', 'jdgchvauajkuvbh',
        'dsackacbjakcaw3', 'A1002', '2024-05-26', 2, '2024-05-25 19:59:00'),
       ('8d503bad-a327-4032-86d1-3425a87dbdcb2', 'daf47a79-d8c8-4068-a9b6-e3bc18c8e725', 'jdgchvauajkuvbh',
        'dsackacbjakcaw3', 'A1002', '2024-05-26', 2, '2024-05-25 19:58:00'),
       ('8e81dc5b-1363-475f-8028-1026aedc07e61', 'admin', 'jdgchvauajkuvbh', 'dsackacbjakcaw3', 'A1001', '2024-05-26',
        1, '2024-05-25 20:03:00'),
       ('8ea8ce97-5d96-4d47-b4ff-66ba21ccf25b1', 'admin', 'jdgchvauajkuvbh', 'dsackacbjakcaw3', 'A1001', '2024-05-27',
        1, '2024-05-26 09:21:00'),
       ('8eb53a21-0a4b-4b90-81b0-010b2523f7a26', 'admin', 'jdgchvauajkuvbh', 'dsackacbjakcaw3', 'A1001', '2024-05-26',
        6, '2024-05-25 19:31:00'),
       ('8f4ec6a9-cd19-40f3-b64e-43d27d6dd00a5', 'daf47a79-d8c8-4068-a9b6-e3bc18c8e725', 'jdgchvauajkuvbh',
        'dsackacbjakcaw3', 'A1002', '2024-05-26', 5, '2024-05-25 19:56:00'),
       ('901268cc-cb95-449a-abfd-3256b77d72d45', 'daf47a79-d8c8-4068-a9b6-e3bc18c8e725', 'jdgchvauajkuvbh',
        'dsackacbjakcaw3', 'A1002', '2024-05-27', 5, '2024-05-26 09:21:00'),
       ('9051761d-5d4d-47b8-a54a-e1b389d8871b4', 'admin', 'jdgchvauajkuvbh', 'dsackacbjakcaw3', 'A1001', '2024-05-27',
        4, '2024-05-26 09:15:00'),
       ('9061816a-93fc-4e20-8fac-e5561ddf98bd6', 'daf47a79-d8c8-4068-a9b6-e3bc18c8e725', 'jdgchvauajkuvbh',
        'dsackacbjakcaw3', 'A1002', '2024-05-26', 6, '2024-05-25 20:03:00'),
       ('90b3b117-595a-44de-86ca-57412f89b9145', 'admin', 'jdgchvauajkuvbh', 'dsackacbjakcaw3', 'A1001', '2024-05-26',
        5, '2024-05-25 19:59:00'),
       ('90d2caaa-8515-480b-aca1-430e80a089423', 'admin', 'jdgchvauajkuvbh', 'dsackacbjakcaw3', 'A1001', '2024-05-26',
        3, '2024-05-25 19:31:00'),
       ('9113525a-d11c-46ad-b848-1a320cb4276b5', 'daf47a79-d8c8-4068-a9b6-e3bc18c8e725', 'jdgchvauajkuvbh',
        'dsackacbjakcaw3', 'A1002', '2024-05-27', 5, '2024-05-26 08:59:00'),
       ('914088c2-4592-4ca7-971f-55bb48e259384', 'daf47a79-d8c8-4068-a9b6-e3bc18c8e725', 'jdgchvauajkuvbh',
        'dsackacbjakcaw3', 'A1002', '2024-05-27', 4, '2024-05-26 09:00:00'),
       ('914a413a-f340-479a-b1ce-02a7d6c8d3014', 'daf47a79-d8c8-4068-a9b6-e3bc18c8e725', 'jdgchvauajkuvbh',
        'dsackacbjakcaw3', 'A1002', '2024-05-26', 4, '2024-05-25 19:56:00'),
       ('91a4b6c4-0c7c-4fb3-886f-f8328c79db012', 'daf47a79-d8c8-4068-a9b6-e3bc18c8e725', 'jdgchvauajkuvbh',
        'dsackacbjakcaw3', 'A1002', '2024-05-26', 2, '2024-05-25 19:32:00'),
       ('91c8e6ac-69ce-4d3e-bd6c-efcfd02510eb3', 'admin', 'jdgchvauajkuvbh', 'dsackacbjakcaw3', 'A1001', '2024-05-26',
        3, '2024-05-25 19:54:00'),
       ('91d8138d-a40a-4b29-afbd-c0f9663f58b34', 'admin', 'jdgchvauajkuvbh', 'dsackacbjakcaw3', 'A1001', '2024-05-27',
        4, '2024-05-26 09:17:00'),
       ('9205e076-d375-4235-80a5-67986bc6156d5', 'daf47a79-d8c8-4068-a9b6-e3bc18c8e725', 'jdgchvauajkuvbh',
        'dsackacbjakcaw3', 'A1002', '2024-05-26', 5, '2024-05-25 19:50:01'),
       ('92acede7-b3e2-4d58-b495-828cfdb78b552', 'daf47a79-d8c8-4068-a9b6-e3bc18c8e725', 'jdgchvauajkuvbh',
        'dsackacbjakcaw3', 'A1002', '2024-05-26', 2, '2024-05-25 20:00:00'),
       ('92faa45c-3b64-4374-817a-7a2a66850d075', 'admin', 'jdgchvauajkuvbh', 'dsackacbjakcaw3', 'A1001', '2024-05-26',
        5, '2024-05-25 19:31:00'),
       ('930482aa-bb55-4cb7-bdf2-b0e5660d12b73', 'daf47a79-d8c8-4068-a9b6-e3bc18c8e725', 'jdgchvauajkuvbh',
        'dsackacbjakcaw3', 'A1002', '2024-05-26', 3, '2024-05-25 19:52:00'),
       ('9347e2e5-12ac-42cb-910f-d27319f062ff2', 'daf47a79-d8c8-4068-a9b6-e3bc18c8e725', 'jdgchvauajkuvbh',
        'dsackacbjakcaw3', 'A1002', '2024-05-26', 2, '2024-05-25 20:02:00'),
       ('93a7e343-2eeb-46b6-a081-56a36f5046d32', 'admin', 'jdgchvauajkuvbh', 'dsackacbjakcaw3', 'A1001', '2024-05-27',
        2, '2024-05-26 09:22:00'),
       ('93f47c0b-07de-4a26-b1ec-86fd4aee7ea00', 'admin', 'jdgchvauajkuvbh', 'dsackacbjakcaw3', 'A1001', '2024-05-26',
        0, '2024-05-25 19:41:00'),
       ('94175415-aad9-469a-9092-fb0778d9ea4a5', 'admin', 'jdgchvauajkuvbh', 'dsackacbjakcaw3', 'A1001', '2024-05-26',
        5, '2024-05-25 19:34:00'),
       ('9457eb63-2cc4-4d11-92a0-9c0f37a7c13d2', 'admin', 'jdgchvauajkuvbh', 'dsackacbjakcaw3', 'A1001', '2024-05-26',
        2, '2024-05-25 19:28:01'),
       ('94c77df3-73e7-4a3d-b0de-99ab5375c1576', 'daf47a79-d8c8-4068-a9b6-e3bc18c8e725', 'jdgchvauajkuvbh',
        'dsackacbjakcaw3', 'A1002', '2024-05-27', 6, '2024-05-26 09:22:00'),
       ('94dcad9d-c19a-44b7-bd31-5db9e5de710d2', 'daf47a79-d8c8-4068-a9b6-e3bc18c8e725', 'jdgchvauajkuvbh',
        'dsackacbjakcaw3', 'A1002', '2024-05-26', 2, '2024-05-25 19:49:00'),
       ('9532ae8d-212e-4811-9f0a-7d0f057befa56', 'daf47a79-d8c8-4068-a9b6-e3bc18c8e725', 'jdgchvauajkuvbh',
        'dsackacbjakcaw3', 'A1002', '2024-05-26', 6, '2024-05-25 19:32:00'),
       ('9533cbb1-4e2b-4f0f-a04f-924e7ced9f640', 'daf47a79-d8c8-4068-a9b6-e3bc18c8e725', 'jdgchvauajkuvbh',
        'dsackacbjakcaw3', 'A1002', '2024-05-26', 0, '2024-05-25 19:45:00'),
       ('955595bb-812f-4f54-b402-7bfc9e731af70', 'daf47a79-d8c8-4068-a9b6-e3bc18c8e725', 'jdgchvauajkuvbh',
        'dsackacbjakcaw3', 'A1002', '2024-05-27', 0, '2024-05-26 09:11:01'),
       ('9602b13c-9442-4a9c-8202-fae432ac48761', 'daf47a79-d8c8-4068-a9b6-e3bc18c8e725', 'jdgchvauajkuvbh',
        'dsackacbjakcaw3', 'A1002', '2024-05-26', 1, '2024-05-25 19:30:00'),
       ('96509422-4675-49ee-92c8-f14be35119945', 'admin', 'jdgchvauajkuvbh', 'dsackacbjakcaw3', 'A1001', '2024-05-26',
        5, '2024-05-25 19:56:00'),
       ('96529286-3dde-4360-a5b6-b0ecc4ad69206', 'daf47a79-d8c8-4068-a9b6-e3bc18c8e725', 'jdgchvauajkuvbh',
        'dsackacbjakcaw3', 'A1002', '2024-05-26', 6, '2024-05-25 20:02:00'),
       ('968819a3-38d5-4020-9667-a5c41eeb507b0', 'daf47a79-d8c8-4068-a9b6-e3bc18c8e725', 'jdgchvauajkuvbh',
        'dsackacbjakcaw3', 'A1002', '2024-05-26', 0, '2024-05-25 19:35:00'),
       ('972749ad-8d02-4d32-b36a-9447e5db685b5', 'daf47a79-d8c8-4068-a9b6-e3bc18c8e725', 'jdgchvauajkuvbh',
        'dsackacbjakcaw3', 'A1002', '2024-05-26', 5, '2024-05-25 19:47:00'),
       ('9764fab1-9cf5-48a3-8187-49a9b5dc94b23', 'daf47a79-d8c8-4068-a9b6-e3bc18c8e725', 'jdgchvauajkuvbh',
        'dsackacbjakcaw3', 'A1002', '2024-05-27', 3, '2024-05-26 09:04:01'),
       ('978c8ed9-1151-47ee-9253-dbe8d4b53ae50', 'daf47a79-d8c8-4068-a9b6-e3bc18c8e725', 'jdgchvauajkuvbh',
        'dsackacbjakcaw3', 'A1002', '2024-05-27', 0, '2024-05-26 09:00:00'),
       ('97a2dace-b0e0-4a6d-8c3a-312e640934833', 'admin', 'jdgchvauajkuvbh', 'dsackacbjakcaw3', 'A1001', '2024-05-27',
        3, '2024-05-26 09:14:00'),
       ('981ccf54-3be5-4994-ad4e-3354b5a473dd4', 'daf47a79-d8c8-4068-a9b6-e3bc18c8e725', 'jdgchvauajkuvbh',
        'dsackacbjakcaw3', 'A1002', '2024-05-26', 4, '2024-05-25 19:28:01'),
       ('986605be-f68d-4df0-90d9-55d04058b0a81', 'daf47a79-d8c8-4068-a9b6-e3bc18c8e725', 'jdgchvauajkuvbh',
        'dsackacbjakcaw3', 'A1002', '2024-05-26', 1, '2024-05-25 19:49:00'),
       ('98cb980b-4d13-44aa-b34c-5c53457ce58d3', 'daf47a79-d8c8-4068-a9b6-e3bc18c8e725', 'jdgchvauajkuvbh',
        'dsackacbjakcaw3', 'A1002', '2024-05-26', 3, '2024-05-25 19:54:01'),
       ('990c55e6-b682-4bce-8cfb-8f4f58f4f3966', 'admin', 'jdgchvauajkuvbh', 'dsackacbjakcaw3', 'A1001', '2024-05-26',
        6, '2024-05-25 19:41:00'),
       ('991cbf12-50dd-4b42-926d-4ce75b452cc83', 'daf47a79-d8c8-4068-a9b6-e3bc18c8e725', 'jdgchvauajkuvbh',
        'dsackacbjakcaw3', 'A1002', '2024-05-27', 3, '2024-05-26 09:06:00'),
       ('99496390-b0e0-4b4a-b087-da26e9000efe2', 'daf47a79-d8c8-4068-a9b6-e3bc18c8e725', 'jdgchvauajkuvbh',
        'dsackacbjakcaw3', 'A1002', '2024-05-26', 2, '2024-05-25 19:35:00'),
       ('99a7d0f7-6f05-4fa8-9942-cd2bd3de595e4', 'admin', 'jdgchvauajkuvbh', 'dsackacbjakcaw3', 'A1001', '2024-05-27',
        4, '2024-05-26 09:02:00'),
       ('9a2c608e-0bd2-4fbd-84e9-7dff38aaf0e05', 'admin', 'jdgchvauajkuvbh', 'dsackacbjakcaw3', 'A1001', '2024-05-26',
        5, '2024-05-25 11:40:07'),
       ('9a6dc664-a389-4058-98af-18d7e6555abf2', 'daf47a79-d8c8-4068-a9b6-e3bc18c8e725', 'jdgchvauajkuvbh',
        'dsackacbjakcaw3', 'A1002', '2024-06-11', 2, '2024-06-10 17:00:00'),
       ('9ace0235-ad03-4867-87b9-553b7eeb099d2', 'daf47a79-d8c8-4068-a9b6-e3bc18c8e725', 'jdgchvauajkuvbh',
        'dsackacbjakcaw3', 'A1002', '2024-05-26', 2, '2024-05-25 19:40:00'),
       ('9b091529-8aa1-4d37-9479-a8f1c4a140364', 'daf47a79-d8c8-4068-a9b6-e3bc18c8e725', 'jdgchvauajkuvbh',
        'dsackacbjakcaw3', 'A1002', '2024-05-27', 4, '2024-05-26 09:10:00'),
       ('9b4ba08d-fb4c-4841-a0df-89f64396d0d96', 'daf47a79-d8c8-4068-a9b6-e3bc18c8e725', 'jdgchvauajkuvbh',
        'dsackacbjakcaw3', 'A1002', '2024-05-26', 6, '2024-05-25 19:48:00'),
       ('9b6f0148-5aeb-464f-be48-c17935f32ade4', 'admin', 'jdgchvauajkuvbh', 'dsackacbjakcaw3', 'A1001', '2024-05-26',
        4, '2024-05-25 19:47:00'),
       ('9b8f7e51-c013-41df-96ef-d2ac4dd204381', 'admin', 'jdgchvauajkuvbh', 'dsackacbjakcaw3', 'A1001', '2024-05-27',
        1, '2024-05-26 09:22:00'),
       ('9c1a5069-4e94-44a6-bd3c-8e60b15969206', 'daf47a79-d8c8-4068-a9b6-e3bc18c8e725', 'jdgchvauajkuvbh',
        'dsackacbjakcaw3', 'A1002', '2024-05-26', 6, '2024-05-25 19:31:00'),
       ('9c2def24-299a-4c66-81a8-0ec3662d38842', 'admin', 'jdgchvauajkuvbh', 'dsackacbjakcaw3', 'A1001', '2024-06-12',
        2, '2024-06-11 17:00:00'),
       ('9c9136e9-a75a-47d2-9525-363c8b3578e91', 'admin', 'jdgchvauajkuvbh', 'dsackacbjakcaw3', 'A1001', '2024-05-27',
        1, '2024-05-26 09:17:00'),
       ('9c91e6a6-29dc-4856-8e88-d7ebf85158592', 'daf47a79-d8c8-4068-a9b6-e3bc18c8e725', 'jdgchvauajkuvbh',
        'dsackacbjakcaw3', 'A1002', '2024-06-12', 2, '2024-06-11 17:00:00'),
       ('9c94dcea-5e19-41a5-a291-e9425a5375235', 'admin', 'jdgchvauajkuvbh', 'dsackacbjakcaw3', 'A1001', '2024-05-26',
        5, '2024-05-25 11:36:45'),
       ('9cbb5b8b-7318-47f6-ac51-dc1ff6275dda1', 'admin', 'jdgchvauajkuvbh', 'dsackacbjakcaw3', 'A1001', '2024-05-27',
        1, '2024-05-26 09:14:00'),
       ('9cd69033-0352-4d94-9bb2-f5a501b177532', 'admin', 'jdgchvauajkuvbh', 'dsackacbjakcaw3', 'A1001', '2024-05-26',
        2, '2024-05-25 19:40:00'),
       ('9d544fc7-1ce5-4979-8121-0cb70a8a8a0f5', 'admin', 'jdgchvauajkuvbh', 'dsackacbjakcaw3', 'A1001', '2024-05-26',
        5, '2024-05-25 19:42:00'),
       ('9d636b97-9c25-4062-a370-328f81b137194', 'daf47a79-d8c8-4068-a9b6-e3bc18c8e725', 'jdgchvauajkuvbh',
        'dsackacbjakcaw3', 'A1002', '2024-05-26', 4, '2024-05-25 19:30:00'),
       ('9dab2954-f9c1-4bd8-9ea1-a657aaa6069f6', 'daf47a79-d8c8-4068-a9b6-e3bc18c8e725', 'jdgchvauajkuvbh',
        'dsackacbjakcaw3', 'A1002', '2024-05-26', 6, '2024-05-25 19:39:00'),
       ('9eac298e-1a3e-4aa7-98b2-4eae70ae4ee95', 'daf47a79-d8c8-4068-a9b6-e3bc18c8e725', 'jdgchvauajkuvbh',
        'dsackacbjakcaw3', 'A1002', '2024-05-27', 5, '2024-05-26 09:22:00'),
       ('9f0397ca-fc4c-4445-8f63-9263c26d968b0', 'daf47a79-d8c8-4068-a9b6-e3bc18c8e725', 'jdgchvauajkuvbh',
        'dsackacbjakcaw3', 'A1002', '2024-05-26', 0, '2024-05-25 20:00:00'),
       ('9f0c9c4b-7a1c-4be5-b620-4a136350dc053', 'daf47a79-d8c8-4068-a9b6-e3bc18c8e725', 'jdgchvauajkuvbh',
        'dsackacbjakcaw3', 'A1002', '2024-05-26', 3, '2024-05-25 19:53:00'),
       ('9f115538-f166-4e1f-831e-0afa83420fda2', 'daf47a79-d8c8-4068-a9b6-e3bc18c8e725', 'jdgchvauajkuvbh',
        'dsackacbjakcaw3', 'A1002', '2024-05-26', 2, '2024-05-25 19:52:00'),
       ('9f26a319-bb5a-4a05-a807-aeff66d0cba45', 'daf47a79-d8c8-4068-a9b6-e3bc18c8e725', 'jdgchvauajkuvbh',
        'dsackacbjakcaw3', 'A1002', '2024-05-26', 5, '2024-05-25 19:42:00'),
       ('9feca178-2ba3-40bd-8723-d150d70235f42', 'daf47a79-d8c8-4068-a9b6-e3bc18c8e725', 'jdgchvauajkuvbh',
        'dsackacbjakcaw3', 'A1002', '2024-05-27', 2, '2024-05-26 09:18:00'),
       ('a03398e8-d84c-4433-b24b-9a22141b78525', 'admin', 'jdgchvauajkuvbh', 'dsackacbjakcaw3', 'A1001', '2024-05-26',
        5, '2024-05-25 19:28:01'),
       ('a127148f-bf2e-4e0f-9ba8-5389228900463', 'daf47a79-d8c8-4068-a9b6-e3bc18c8e725', 'jdgchvauajkuvbh',
        'dsackacbjakcaw3', 'A1002', '2024-05-27', 3, '2024-05-26 09:07:00'),
       ('a16a6624-bd1b-4d9c-add2-b7528ede280d0', 'admin', 'jdgchvauajkuvbh', 'dsackacbjakcaw3', 'A1001', '2024-05-26',
        0, '2024-05-25 20:03:00'),
       ('a1bf9f34-dd03-4c34-8ffc-3ab1f37d71fb3', 'admin', 'jdgchvauajkuvbh', 'dsackacbjakcaw3', 'A1001', '2024-05-26',
        3, '2024-05-25 19:39:00'),
       ('a2b4f2ff-381f-4cc6-bb33-3148f9c2bec82', 'daf47a79-d8c8-4068-a9b6-e3bc18c8e725', 'jdgchvauajkuvbh',
        'dsackacbjakcaw3', 'A1002', '2024-05-26', 2, '2024-05-25 19:43:00'),
       ('a2fcb42b-ca57-43d7-a8a3-98c995897a062', 'admin', 'jdgchvauajkuvbh', 'dsackacbjakcaw3', 'A1001', '2024-05-26',
        2, '2024-05-25 19:59:00'),
       ('a33d97cc-f428-4246-a910-09cb5fe1c7381', 'admin', 'jdgchvauajkuvbh', 'dsackacbjakcaw3', 'A1001', '2024-05-26',
        1, '2024-05-25 19:49:00'),
       ('a34ff288-bd92-4bce-8996-0da3899a73a42', 'daf47a79-d8c8-4068-a9b6-e3bc18c8e725', 'jdgchvauajkuvbh',
        'dsackacbjakcaw3', 'A1002', '2024-05-26', 2, '2024-05-25 20:01:00'),
       ('a3504b75-ed44-4987-b23e-1a853505ea356', 'daf47a79-d8c8-4068-a9b6-e3bc18c8e725', 'jdgchvauajkuvbh',
        'dsackacbjakcaw3', 'A1002', '2024-05-27', 6, '2024-05-26 09:02:00'),
       ('a35f3a18-7e2b-4732-b341-5423d80b61105', 'daf47a79-d8c8-4068-a9b6-e3bc18c8e725', 'jdgchvauajkuvbh',
        'dsackacbjakcaw3', 'A1002', '2024-05-26', 5, '2024-05-25 19:33:01'),
       ('a3e078d2-54de-47ee-8c7b-65e5a1b271fb6', 'admin', 'jdgchvauajkuvbh', 'dsackacbjakcaw3', 'A1001', '2024-05-26',
        6, '2024-05-25 20:02:00'),
       ('a4c11888-19aa-422c-8369-e6ea1bf5398c2', 'daf47a79-d8c8-4068-a9b6-e3bc18c8e725', 'jdgchvauajkuvbh',
        'dsackacbjakcaw3', 'A1002', '2024-05-26', 2, '2024-05-25 20:04:00'),
       ('a5f56389-3ba1-419d-81bb-7ef65695425b4', 'daf47a79-d8c8-4068-a9b6-e3bc18c8e725', 'jdgchvauajkuvbh',
        'dsackacbjakcaw3', 'A1002', '2024-05-26', 4, '2024-05-25 19:35:00'),
       ('a685fc8f-f020-40f3-82f5-32ad076f7cdc6', 'admin', 'jdgchvauajkuvbh', 'dsackacbjakcaw3', 'A1001', '2024-05-27',
        6, '2024-05-26 09:09:00'),
       ('a704245a-b675-4990-8d46-68967c0dcae33', 'admin', 'jdgchvauajkuvbh', 'dsackacbjakcaw3', 'A1001', '2024-05-27',
        3, '2024-05-26 09:07:00'),
       ('a7161485-dc44-41e1-b2c7-de22c3b5dcc46', 'daf47a79-d8c8-4068-a9b6-e3bc18c8e725', 'jdgchvauajkuvbh',
        'dsackacbjakcaw3', 'A1002', '2024-05-26', 6, '2024-05-25 19:35:00'),
       ('a729f509-d71e-4c6f-a99c-9658d7cc46063', 'daf47a79-d8c8-4068-a9b6-e3bc18c8e725', 'jdgchvauajkuvbh',
        'dsackacbjakcaw3', 'A1002', '2024-05-26', 3, '2024-05-25 20:00:00'),
       ('a741a188-84bf-4666-82cc-f80b27e017704', 'admin', 'jdgchvauajkuvbh', 'dsackacbjakcaw3', 'A1001', '2024-05-27',
        4, '2024-05-26 09:22:00'),
       ('a747125a-b65b-4029-8f52-46208b4cb5f22', 'daf47a79-d8c8-4068-a9b6-e3bc18c8e725', 'jdgchvauajkuvbh',
        'dsackacbjakcaw3', 'A1002', '2024-05-27', 2, '2024-05-26 09:06:00'),
       ('a74f05ae-d617-4463-9c84-867dd2a7e97e6', 'admin', 'jdgchvauajkuvbh', 'dsackacbjakcaw3', 'A1001', '2024-05-27',
        6, '2024-05-26 09:04:00'),
       ('a76eb264-7d33-48f5-8530-eb0d87ee8ede0', 'daf47a79-d8c8-4068-a9b6-e3bc18c8e725', 'jdgchvauajkuvbh',
        'dsackacbjakcaw3', 'A1002', '2024-05-26', 0, '2024-05-25 19:53:00'),
       ('a7893e10-aa2c-4c56-9eed-eade76348b463', 'daf47a79-d8c8-4068-a9b6-e3bc18c8e725', 'jdgchvauajkuvbh',
        'dsackacbjakcaw3', 'A1002', '2024-05-27', 3, '2024-05-26 09:12:01'),
       ('a79df0e5-dbf2-4807-a161-c6e8899acff12', 'admin', 'jdgchvauajkuvbh', 'dsackacbjakcaw3', 'A1001', '2024-05-26',
        2, '2024-05-25 19:31:00'),
       ('a7ceeb92-3865-467e-9153-cea926f2ef4b4', 'daf47a79-d8c8-4068-a9b6-e3bc18c8e725', 'jdgchvauajkuvbh',
        'dsackacbjakcaw3', 'A1002', '2024-05-26', 4, '2024-05-25 19:32:00'),
       ('a86a4a16-9c89-4133-8242-94fc80fb59241', 'daf47a79-d8c8-4068-a9b6-e3bc18c8e725', 'jdgchvauajkuvbh',
        'dsackacbjakcaw3', 'A1002', '2024-05-27', 1, '2024-05-26 09:23:00'),
       ('a87ed726-184a-48a4-a0b2-744bf128b75c3', 'admin', 'jdgchvauajkuvbh', 'dsackacbjakcaw3', 'A1001', '2024-05-26',
        3, '2024-05-25 20:03:00'),
       ('a887f7ba-8059-44e3-bf2f-b0e92bd6f14d6', 'admin', 'jdgchvauajkuvbh', 'dsackacbjakcaw3', 'A1001', '2024-05-27',
        6, '2024-05-26 08:58:00'),
       ('a8aab497-dbcd-4c02-b18c-a90d3a0ad7be0', 'daf47a79-d8c8-4068-a9b6-e3bc18c8e725', 'jdgchvauajkuvbh',
        'dsackacbjakcaw3', 'A1002', '2024-05-27', 0, '2024-05-26 09:19:00'),
       ('a8ae1964-f016-41a7-a395-7378bc3a12bd6', 'daf47a79-d8c8-4068-a9b6-e3bc18c8e725', 'jdgchvauajkuvbh',
        'dsackacbjakcaw3', 'A1002', '2024-05-27', 6, '2024-05-26 09:08:00'),
       ('a922a5ae-24ce-4b7f-978a-7dba0f20933f3', 'admin', 'jdgchvauajkuvbh', 'dsackacbjakcaw3', 'A1001', '2024-05-26',
        3, '2024-05-25 19:50:00'),
       ('a94dd753-b592-415a-b189-00198bfb7b4d1', 'daf47a79-d8c8-4068-a9b6-e3bc18c8e725', 'jdgchvauajkuvbh',
        'dsackacbjakcaw3', 'A1002', '2024-05-27', 1, '2024-05-26 09:09:00'),
       ('a989525f-c044-4921-a400-7b60e144256d4', 'admin', 'jdgchvauajkuvbh', 'dsackacbjakcaw3', 'A1001', '2024-05-27',
        4, '2024-05-26 09:23:00'),
       ('a997e0fc-2709-4e68-bb63-87d424310a1f5', 'daf47a79-d8c8-4068-a9b6-e3bc18c8e725', 'jdgchvauajkuvbh',
        'dsackacbjakcaw3', 'A1002', '2024-05-27', 5, '2024-05-26 09:00:00'),
       ('aa0a941c-7a34-4b67-aaf9-288296574f2b1', 'admin', 'jdgchvauajkuvbh', 'dsackacbjakcaw3', 'A1001', '2024-05-26',
        1, '2024-05-25 19:47:00'),
       ('aa1402bf-971d-4eb2-b72f-ab35a859e3132', 'admin', 'jdgchvauajkuvbh', 'dsackacbjakcaw3', 'A1001', '2024-05-27',
        2, '2024-05-26 09:15:00'),
       ('aa33632d-4693-46b8-af09-2acf87d7e1822', 'admin', 'jdgchvauajkuvbh', 'dsackacbjakcaw3', 'A1001', '2024-05-26',
        2, '2024-05-25 19:34:00'),
       ('aa695a87-203b-4618-8646-0a17991981df5', 'daf47a79-d8c8-4068-a9b6-e3bc18c8e725', 'jdgchvauajkuvbh',
        'dsackacbjakcaw3', 'A1002', '2024-05-27', 5, '2024-05-26 09:19:00'),
       ('aa752cd8-50ca-4280-bee1-1e187b107d131', 'daf47a79-d8c8-4068-a9b6-e3bc18c8e725', 'jdgchvauajkuvbh',
        'dsackacbjakcaw3', 'A1002', '2024-05-26', 1, '2024-05-25 19:52:00'),
       ('aa7ed85d-0191-4dfd-8880-e3a0c84ffc135', 'admin', 'jdgchvauajkuvbh', 'dsackacbjakcaw3', 'A1001', '2024-05-26',
        5, '2024-05-25 20:00:00'),
       ('aa98f7ff-67fc-4435-8b63-e8bf93d8253e6', 'admin', 'jdgchvauajkuvbh', 'dsackacbjakcaw3', 'A1001', '2024-05-27',
        6, '2024-05-26 09:16:00'),
       ('aab53086-595a-43a8-9356-5cbedba541bb6', 'daf47a79-d8c8-4068-a9b6-e3bc18c8e725', 'jdgchvauajkuvbh',
        'dsackacbjakcaw3', 'A1002', '2024-05-27', 6, '2024-05-26 09:19:00'),
       ('aae16094-3dc6-49ff-959e-090249d656493', 'daf47a79-d8c8-4068-a9b6-e3bc18c8e725', 'jdgchvauajkuvbh',
        'dsackacbjakcaw3', 'A1002', '2024-05-26', 3, '2024-05-25 19:46:00'),
       ('aaf406be-e10b-467c-82f2-c0f2ee80e1690', 'admin', 'jdgchvauajkuvbh', 'dsackacbjakcaw3', 'A1001', '2024-05-27',
        0, '2024-05-26 09:12:00'),
       ('ab1d8a9c-cbc1-4c33-8d0b-e54c2cb123ef1', 'daf47a79-d8c8-4068-a9b6-e3bc18c8e725', 'jdgchvauajkuvbh',
        'dsackacbjakcaw3', 'A1002', '2024-05-26', 1, '2024-05-25 19:35:00'),
       ('ab2094cc-b61f-4d5d-bfac-edb147c1a9cd4', 'daf47a79-d8c8-4068-a9b6-e3bc18c8e725', 'jdgchvauajkuvbh',
        'dsackacbjakcaw3', 'A1002', '2024-05-26', 4, '2024-05-25 19:45:00'),
       ('ab4eb475-cb49-403f-865f-19e03e2695586', 'daf47a79-d8c8-4068-a9b6-e3bc18c8e725', 'jdgchvauajkuvbh',
        'dsackacbjakcaw3', 'A1002', '2024-05-26', 6, '2024-05-25 19:00:01'),
       ('ab5e7c14-e439-49c9-8563-173614e2e59f2', 'daf47a79-d8c8-4068-a9b6-e3bc18c8e725', 'jdgchvauajkuvbh',
        'dsackacbjakcaw3', 'A1002', '2024-05-26', 2, '2024-05-25 19:33:01'),
       ('ab5f52f9-6afb-4a71-931e-d341040ea9f56', 'daf47a79-d8c8-4068-a9b6-e3bc18c8e725', 'jdgchvauajkuvbh',
        'dsackacbjakcaw3', 'A1002', '2024-05-26', 6, '2024-05-25 19:28:01'),
       ('ab668987-0a48-4bfd-b87e-97e0d151bd8c6', 'daf47a79-d8c8-4068-a9b6-e3bc18c8e725', 'jdgchvauajkuvbh',
        'dsackacbjakcaw3', 'A1002', '2024-05-27', 6, '2024-05-26 09:14:00'),
       ('aba4fdd2-b0b6-44cb-9ed8-211100ad274c5', 'daf47a79-d8c8-4068-a9b6-e3bc18c8e725', 'jdgchvauajkuvbh',
        'dsackacbjakcaw3', 'A1002', '2024-05-27', 5, '2024-05-26 09:10:00'),
       ('abc5d22c-acd1-4767-81a9-0a7fc78ba91f4', 'admin', 'jdgchvauajkuvbh', 'dsackacbjakcaw3', 'A1001', '2024-05-26',
        4, '2024-05-25 19:36:00'),
       ('abf4c5c1-009d-46b2-ad64-372a7120f45c4', 'admin', 'jdgchvauajkuvbh', 'dsackacbjakcaw3', 'A1001', '2024-05-26',
        4, '2024-05-25 11:40:07'),
       ('ac4f8e52-6831-4caa-82e4-1773dfa269e46', 'admin', 'jdgchvauajkuvbh', 'dsackacbjakcaw3', 'A1001', '2024-06-07',
        6, '2024-06-06 21:09:18'),
       ('ac4ffe98-dd6f-4731-8727-10997a8468234', 'admin', 'jdgchvauajkuvbh', 'dsackacbjakcaw3', 'A1001', '2024-05-26',
        4, '2024-05-25 19:37:00'),
       ('ac77bc85-27bf-493e-80e5-e58be093e5bd3', 'daf47a79-d8c8-4068-a9b6-e3bc18c8e725', 'jdgchvauajkuvbh',
        'dsackacbjakcaw3', 'A1002', '2024-06-12', 3, '2024-06-11 17:00:00'),
       ('accf35d1-08fc-449c-b544-0902491485661', 'daf47a79-d8c8-4068-a9b6-e3bc18c8e725', 'jdgchvauajkuvbh',
        'dsackacbjakcaw3', 'A1002', '2024-05-27', 1, '2024-05-26 08:58:01'),
       ('acd9a5a6-3c51-457e-8b8d-3fc96b55ba524', 'admin', 'jdgchvauajkuvbh', 'dsackacbjakcaw3', 'A1001', '2024-05-26',
        4, '2024-05-25 19:46:00'),
       ('acef9165-008d-4a8a-a5c1-6f66361db9312', 'admin', 'jdgchvauajkuvbh', 'dsackacbjakcaw3', 'A1001', '2024-05-27',
        2, '2024-05-26 09:01:00'),
       ('ad11d0e2-5216-4349-acbf-13192765b44e3', 'admin', 'jdgchvauajkuvbh', 'dsackacbjakcaw3', 'A1001', '2024-05-26',
        3, '2024-05-25 19:46:00'),
       ('ad243774-cbed-4723-bf7f-f6f98f5837691', 'admin', 'jdgchvauajkuvbh', 'dsackacbjakcaw3', 'A1001', '2024-05-26',
        1, '2024-05-25 11:36:38'),
       ('ad4fb8ea-3e9e-47d4-a0fb-5b36baf6797c1', 'daf47a79-d8c8-4068-a9b6-e3bc18c8e725', 'jdgchvauajkuvbh',
        'dsackacbjakcaw3', 'A1002', '2024-05-26', 1, '2024-05-25 19:57:00'),
       ('ad679262-68bf-4238-9c91-6367db422ffa2', 'admin', 'jdgchvauajkuvbh', 'dsackacbjakcaw3', 'A1001', '2024-05-26',
        2, '2024-05-25 11:40:07'),
       ('add104fe-80ad-49ee-81f3-3645b1d29fb96', 'daf47a79-d8c8-4068-a9b6-e3bc18c8e725', 'jdgchvauajkuvbh',
        'dsackacbjakcaw3', 'A1002', '2024-05-26', 6, '2024-05-25 19:30:00'),
       ('add327bd-3c38-484e-a138-d6df1e17aa0a2', 'admin', 'jdgchvauajkuvbh', 'dsackacbjakcaw3', 'A1001', '2024-05-27',
        2, '2024-05-26 09:14:00'),
       ('add5d10d-8838-44ca-a072-70288f1b358d5', 'admin', 'jdgchvauajkuvbh', 'dsackacbjakcaw3', 'A1001', '2024-05-27',
        5, '2024-05-26 09:08:00'),
       ('ae72b23e-a761-4335-be83-e267988213bd1', 'admin', 'jdgchvauajkuvbh', 'dsackacbjakcaw3', 'A1001', '2024-05-26',
        1, '2024-05-25 19:33:00'),
       ('ae8c47e3-1651-4473-b23e-f3c4afe0d1051', 'admin', 'jdgchvauajkuvbh', 'dsackacbjakcaw3', 'A1001', '2024-05-26',
        1, '2024-05-25 20:01:00'),
       ('aef6034a-6d1a-4904-8ed3-7b5a6bd323f70', 'admin', 'jdgchvauajkuvbh', 'dsackacbjakcaw3', 'A1001', '2024-05-26',
        0, '2024-05-25 19:33:00'),
       ('aef7946e-9aff-4202-b43c-78bb60c94cfb6', 'daf47a79-d8c8-4068-a9b6-e3bc18c8e725', 'jdgchvauajkuvbh',
        'dsackacbjakcaw3', 'A1002', '2024-05-26', 6, '2024-05-25 19:41:00'),
       ('b019392d-84b5-4b6e-9395-17288f9c37515', 'admin', 'jdgchvauajkuvbh', 'dsackacbjakcaw3', 'A1001', '2024-05-26',
        5, '2024-05-25 19:32:00'),
       ('b0fa62b9-b3c5-474b-a3e4-eaab44c17d4b5', 'admin', 'jdgchvauajkuvbh', 'dsackacbjakcaw3', 'A1001', '2024-05-26',
        5, '2024-05-25 19:46:00'),
       ('b110fcac-d367-4a15-bd35-7d211ef04a1e2', 'daf47a79-d8c8-4068-a9b6-e3bc18c8e725', 'jdgchvauajkuvbh',
        'dsackacbjakcaw3', 'A1002', '2024-05-26', 2, '2024-05-25 19:56:00'),
       ('b1260b2e-c4a3-4af3-8119-34431b9907c42', 'daf47a79-d8c8-4068-a9b6-e3bc18c8e725', 'jdgchvauajkuvbh',
        'dsackacbjakcaw3', 'A1002', '2024-05-27', 2, '2024-05-26 09:21:00'),
       ('b184fc01-2ae3-488b-a25a-929cd79f71874', 'admin', 'jdgchvauajkuvbh', 'dsackacbjakcaw3', 'A1001', '2024-05-27',
        4, '2024-05-26 09:20:00'),
       ('b1ae2873-9b40-4db5-b065-d534c30d09980', 'daf47a79-d8c8-4068-a9b6-e3bc18c8e725', 'jdgchvauajkuvbh',
        'dsackacbjakcaw3', 'A1002', '2024-05-26', 0, '2024-05-25 19:29:05'),
       ('b1b64117-dd3d-4170-aa10-65f7c47fec066', 'daf47a79-d8c8-4068-a9b6-e3bc18c8e725', 'jdgchvauajkuvbh',
        'dsackacbjakcaw3', 'A1002', '2024-05-27', 6, '2024-05-26 09:13:00'),
       ('b1dce9c5-a63d-4db9-80cc-4a386a176f4c1', 'admin', 'jdgchvauajkuvbh', 'dsackacbjakcaw3', 'A1001', '2024-05-26',
        1, '2024-05-25 19:44:00'),
       ('b1dde74d-2255-4dee-b837-5ff33d428b330', 'admin', 'jdgchvauajkuvbh', 'dsackacbjakcaw3', 'A1001', '2024-05-26',
        0, '2024-05-25 19:49:00'),
       ('b2a93589-062f-431d-9356-56f20be5039f0', 'admin', 'jdgchvauajkuvbh', 'dsackacbjakcaw3', 'A1001', '2024-05-26',
        0, '2024-05-25 19:47:00'),
       ('b2e1f4a0-b248-4c28-bb1b-a8c6d60417244', 'admin', 'jdgchvauajkuvbh', 'dsackacbjakcaw3', 'A1001', '2024-05-27',
        4, '2024-05-26 09:24:00'),
       ('b2f22cdd-80ec-4e79-bf03-c2fca6ff2fdd6', 'daf47a79-d8c8-4068-a9b6-e3bc18c8e725', 'jdgchvauajkuvbh',
        'dsackacbjakcaw3', 'A1002', '2024-05-26', 6, '2024-05-25 19:54:01'),
       ('b313e261-9a08-4dcf-b60d-787b7dca04d80', 'daf47a79-d8c8-4068-a9b6-e3bc18c8e725', 'jdgchvauajkuvbh',
        'dsackacbjakcaw3', 'A1002', '2024-05-27', 0, '2024-05-26 09:07:00'),
       ('b323ff9c-639c-4573-9591-9c3cd6d6c1a26', 'admin', 'jdgchvauajkuvbh', 'dsackacbjakcaw3', 'A1001', '2024-05-26',
        6, '2024-05-25 19:51:00'),
       ('b327d683-6038-44ba-8ca8-dd2b362535d90', 'admin', 'jdgchvauajkuvbh', 'dsackacbjakcaw3', 'A1001', '2024-05-26',
        0, '2024-05-25 19:36:00'),
       ('b32d5e1b-9401-4624-b7b5-ca48dfd32d8b3', 'daf47a79-d8c8-4068-a9b6-e3bc18c8e725', 'jdgchvauajkuvbh',
        'dsackacbjakcaw3', 'A1002', '2024-05-26', 3, '2024-05-25 19:57:00'),
       ('b3db71db-2f8f-45f5-ba21-9df6fe3f67840', 'admin', 'jdgchvauajkuvbh', 'dsackacbjakcaw3', 'A1001', '2024-05-26',
        0, '2024-05-25 19:45:00'),
       ('b3ef8a02-8e6c-498f-b9ea-236ae95422515', 'admin', 'jdgchvauajkuvbh', 'dsackacbjakcaw3', 'A1001', '2024-05-27',
        5, '2024-05-26 09:19:00'),
       ('b46136da-36e9-4e5c-be9c-da8414651a611', 'admin', 'jdgchvauajkuvbh', 'dsackacbjakcaw3', 'A1001', '2024-05-26',
        1, '2024-05-25 19:36:00'),
       ('b47ee765-c24f-45cf-936d-7bb93a5b97681', 'daf47a79-d8c8-4068-a9b6-e3bc18c8e725', 'jdgchvauajkuvbh',
        'dsackacbjakcaw3', 'A1002', '2024-05-27', 1, '2024-05-26 09:14:00'),
       ('b49c3105-2194-4508-bf3b-bf0f45a10e862', 'admin', 'jdgchvauajkuvbh', 'dsackacbjakcaw3', 'A1001', '2024-05-27',
        2, '2024-05-26 09:10:00'),
       ('b53cde6c-7455-4ae4-9325-73f88b487ed95', 'daf47a79-d8c8-4068-a9b6-e3bc18c8e725', 'jdgchvauajkuvbh',
        'dsackacbjakcaw3', 'A1002', '2024-05-26', 5, '2024-05-25 19:34:00'),
       ('b5485dc7-233c-43c0-b33f-d3af7b5b83761', 'admin', 'jdgchvauajkuvbh', 'dsackacbjakcaw3', 'A1001', '2024-05-27',
        1, '2024-05-26 09:23:00'),
       ('b55cb508-77c5-4051-a586-fde01f21fe1e4', 'daf47a79-d8c8-4068-a9b6-e3bc18c8e725', 'jdgchvauajkuvbh',
        'dsackacbjakcaw3', 'A1002', '2024-05-27', 4, '2024-05-26 09:02:00'),
       ('b64256b1-1585-4ca8-ab55-60f53ee3db1c0', 'daf47a79-d8c8-4068-a9b6-e3bc18c8e725', 'jdgchvauajkuvbh',
        'dsackacbjakcaw3', 'A1002', '2024-05-26', 0, '2024-05-25 19:57:00'),
       ('b702dec7-2f0b-49af-b0f8-e558cf2235aa2', 'admin', 'jdgchvauajkuvbh', 'dsackacbjakcaw3', 'A1001', '2024-05-26',
        2, '2024-05-25 19:41:00'),
       ('b7e408af-9984-4cf8-b978-f7ce9f28886a3', 'admin', 'jdgchvauajkuvbh', 'dsackacbjakcaw3', 'A1001', '2024-05-26',
        3, '2024-05-25 20:02:00'),
       ('b7eb33d5-0641-4ef8-8ae2-57f13d6f52386', 'daf47a79-d8c8-4068-a9b6-e3bc18c8e725', 'jdgchvauajkuvbh',
        'dsackacbjakcaw3', 'A1002', '2024-05-26', 6, '2024-05-25 19:53:00'),
       ('b83d19b8-a3ff-4629-b8e5-5ec00f117ffd0', 'admin', 'jdgchvauajkuvbh', 'dsackacbjakcaw3', 'A1001', '2024-05-27',
        0, '2024-05-26 09:16:00'),
       ('b8ceadce-c1d4-4efc-9214-867c9f8d06063', 'admin', 'jdgchvauajkuvbh', 'dsackacbjakcaw3', 'A1001', '2024-05-26',
        3, '2024-05-25 19:49:00'),
       ('b90e4220-408e-4f04-ba79-0c41b4f852f66', 'admin', 'jdgchvauajkuvbh', 'dsackacbjakcaw3', 'A1001', '2024-05-26',
        6, '2024-05-25 19:44:00'),
       ('b91f5f87-a4f7-4986-889c-b1c8edd24fea2', 'daf47a79-d8c8-4068-a9b6-e3bc18c8e725', 'jdgchvauajkuvbh',
        'dsackacbjakcaw3', 'A1002', '2024-05-26', 2, '2024-05-25 19:47:00'),
       ('b943e1d1-a4a5-4267-b79f-245d25806cc93', 'daf47a79-d8c8-4068-a9b6-e3bc18c8e725', 'jdgchvauajkuvbh',
        'dsackacbjakcaw3', 'A1002', '2024-05-26', 3, '2024-05-25 19:50:01'),
       ('b973f88f-a30e-4e89-8ce9-0a29314cc4494', 'daf47a79-d8c8-4068-a9b6-e3bc18c8e725', 'jdgchvauajkuvbh',
        'dsackacbjakcaw3', 'A1002', '2024-05-27', 4, '2024-05-26 09:07:00'),
       ('baaa2457-696a-4709-8d2d-31976ca4db881', 'admin', 'jdgchvauajkuvbh', 'dsackacbjakcaw3', 'A1001', '2024-05-27',
        1, '2024-05-26 09:02:00'),
       ('bb27b22b-bcab-4ca7-abf0-d710e0a8221c5', 'daf47a79-d8c8-4068-a9b6-e3bc18c8e725', 'jdgchvauajkuvbh',
        'dsackacbjakcaw3', 'A1002', '2024-05-27', 5, '2024-05-26 09:08:00'),
       ('bbc81da2-64aa-413f-b974-efd188ffb87a1', 'daf47a79-d8c8-4068-a9b6-e3bc18c8e725', 'jdgchvauajkuvbh',
        'dsackacbjakcaw3', 'A1002', '2024-05-26', 1, '2024-05-25 20:04:00'),
       ('bbdc06b1-f5f8-42b1-9e67-4f913ad9de2a3', 'admin', 'jdgchvauajkuvbh', 'dsackacbjakcaw3', 'A1001', '2024-05-27',
        3, '2024-05-26 08:58:00'),
       ('bbfff5ec-d206-4e93-b330-fb2bdf51a29d3', 'admin', 'jdgchvauajkuvbh', 'dsackacbjakcaw3', 'A1001', '2024-05-26',
        3, '2024-05-25 19:55:00'),
       ('bc0301c7-7311-40d3-9859-c8520afca96e4', 'daf47a79-d8c8-4068-a9b6-e3bc18c8e725', 'jdgchvauajkuvbh',
        'dsackacbjakcaw3', 'A1002', '2024-05-26', 4, '2024-05-25 19:55:01'),
       ('bcbffc96-2a5e-4869-a485-1cee19571b065', 'daf47a79-d8c8-4068-a9b6-e3bc18c8e725', 'jdgchvauajkuvbh',
        'dsackacbjakcaw3', 'A1002', '2024-05-27', 5, '2024-05-26 09:11:01'),
       ('bcc6fdf8-78b7-434c-9bd4-c7db890b62502', 'daf47a79-d8c8-4068-a9b6-e3bc18c8e725', 'jdgchvauajkuvbh',
        'dsackacbjakcaw3', 'A1002', '2024-05-26', 2, '2024-05-25 19:34:00'),
       ('bd746270-2d9f-471a-b87e-e9b8d66aaede4', 'admin', 'jdgchvauajkuvbh', 'dsackacbjakcaw3', 'A1001', '2024-05-26',
        4, '2024-05-25 19:51:00'),
       ('be5ac1ff-64f1-467d-b1ef-ea00bc41d14d1', 'daf47a79-d8c8-4068-a9b6-e3bc18c8e725', 'jdgchvauajkuvbh',
        'dsackacbjakcaw3', 'A1002', '2024-05-26', 1, '2024-05-25 19:33:01'),
       ('bfb93684-dbf1-4966-a86a-de1a398dd5c52', 'admin', 'jdgchvauajkuvbh', 'dsackacbjakcaw3', 'A1001', '2024-05-27',
        2, '2024-05-26 09:12:00'),
       ('bfd9b79c-c4b8-471e-a2d4-09b724446ddc4', 'admin', 'jdgchvauajkuvbh', 'dsackacbjakcaw3', 'A1001', '2024-05-27',
        4, '2024-05-26 09:03:00'),
       ('bff8243b-313a-4cc7-a6c3-5c25a0b38dc11', 'daf47a79-d8c8-4068-a9b6-e3bc18c8e725', 'jdgchvauajkuvbh',
        'dsackacbjakcaw3', 'A1002', '2024-05-26', 1, '2024-05-25 19:56:00'),
       ('c0080e23-8b27-45ab-a19b-f9a031f6b3222', 'daf47a79-d8c8-4068-a9b6-e3bc18c8e725', 'jdgchvauajkuvbh',
        'dsackacbjakcaw3', 'A1002', '2024-05-26', 2, '2024-05-25 19:51:00'),
       ('c00a8db7-d1af-48f0-ab94-b791a04278462', 'daf47a79-d8c8-4068-a9b6-e3bc18c8e725', 'jdgchvauajkuvbh',
        'dsackacbjakcaw3', 'A1002', '2024-05-26', 2, '2024-05-25 19:37:00'),
       ('c07b632a-fb7b-4032-abee-e25e42ea58115', 'admin', 'jdgchvauajkuvbh', 'dsackacbjakcaw3', 'A1001', '2024-05-26',
        5, '2024-05-25 19:33:00'),
       ('c098e31d-0505-498f-b789-c150f0cb72084', 'admin', 'jdgchvauajkuvbh', 'dsackacbjakcaw3', 'A1001', '2024-05-27',
        4, '2024-05-26 09:11:00'),
       ('c0bcd0be-8f29-48f0-8120-b6d0aa135ded3', 'daf47a79-d8c8-4068-a9b6-e3bc18c8e725', 'jdgchvauajkuvbh',
        'dsackacbjakcaw3', 'A1002', '2024-05-27', 3, '2024-05-26 09:20:00'),
       ('c1570b4c-d182-4d5a-adab-0ab5c665ed1a0', 'daf47a79-d8c8-4068-a9b6-e3bc18c8e725', 'jdgchvauajkuvbh',
        'dsackacbjakcaw3', 'A1002', '2024-05-27', 0, '2024-05-26 09:10:00'),
       ('c1b6e9a3-86f3-4863-af23-5d647f7e80e14', 'admin', 'jdgchvauajkuvbh', 'dsackacbjakcaw3', 'A1001', '2024-05-26',
        4, '2024-05-25 20:01:00'),
       ('c1cd8081-321d-4dbe-b1da-ae279c33c0386', 'daf47a79-d8c8-4068-a9b6-e3bc18c8e725', 'jdgchvauajkuvbh',
        'dsackacbjakcaw3', 'A1002', '2024-05-26', 6, '2024-05-25 20:04:00'),
       ('c1d4af02-b8e9-4a67-aee1-56f80115e9cb3', 'daf47a79-d8c8-4068-a9b6-e3bc18c8e725', 'jdgchvauajkuvbh',
        'dsackacbjakcaw3', 'A1002', '2024-05-26', 3, '2024-05-25 19:31:00'),
       ('c266ac71-b7b5-4c44-8f80-7e49cd71b1e81', 'admin', 'jdgchvauajkuvbh', 'dsackacbjakcaw3', 'A1001', '2024-05-26',
        1, '2024-05-25 19:58:00'),
       ('c2b759f7-22a1-407b-976f-01e69292285d5', 'daf47a79-d8c8-4068-a9b6-e3bc18c8e725', 'jdgchvauajkuvbh',
        'dsackacbjakcaw3', 'A1002', '2024-05-27', 5, '2024-05-26 09:15:00'),
       ('c2d3b4b4-70bd-4882-aaae-ae116492b4d93', 'daf47a79-d8c8-4068-a9b6-e3bc18c8e725', 'jdgchvauajkuvbh',
        'dsackacbjakcaw3', 'A1002', '2024-06-11', 3, '2024-06-10 17:00:00'),
       ('c2ea1107-d144-48de-b255-72b3cf6479854', 'daf47a79-d8c8-4068-a9b6-e3bc18c8e725', 'jdgchvauajkuvbh',
        'dsackacbjakcaw3', 'A1002', '2024-05-26', 4, '2024-05-25 20:01:00'),
       ('c2f9215d-3029-44db-9ccc-8e8ed99f77cb4', 'admin', 'jdgchvauajkuvbh', 'dsackacbjakcaw3', 'A1001', '2024-05-26',
        4, '2024-05-25 19:33:00'),
       ('c34b7b82-9328-409e-82b9-22a4bb5ac1492', 'daf47a79-d8c8-4068-a9b6-e3bc18c8e725', 'jdgchvauajkuvbh',
        'dsackacbjakcaw3', 'A1002', '2024-05-26', 2, '2024-05-25 19:28:01'),
       ('c3694ccf-7880-43e8-a3ce-cd28774f60a33', 'daf47a79-d8c8-4068-a9b6-e3bc18c8e725', 'jdgchvauajkuvbh',
        'dsackacbjakcaw3', 'A1002', '2024-05-27', 3, '2024-05-26 09:21:00'),
       ('c36c57e5-50b4-42df-9f6e-4699b4fad3653', 'admin', 'jdgchvauajkuvbh', 'dsackacbjakcaw3', 'A1001', '2024-05-27',
        3, '2024-05-26 09:11:00'),
       ('c3db91f2-9f5d-4551-be2a-4e90edffdeb05', 'admin', 'jdgchvauajkuvbh', 'dsackacbjakcaw3', 'A1001', '2024-05-26',
        5, '2024-05-25 19:51:00'),
       ('c416fea6-5080-4fd5-9de5-6266ef8175cb3', 'daf47a79-d8c8-4068-a9b6-e3bc18c8e725', 'jdgchvauajkuvbh',
        'dsackacbjakcaw3', 'A1002', '2024-05-26', 3, '2024-05-25 20:01:00'),
       ('c4468a52-c084-475e-904d-fe85e60e4e783', 'daf47a79-d8c8-4068-a9b6-e3bc18c8e725', 'jdgchvauajkuvbh',
        'dsackacbjakcaw3', 'A1002', '2024-05-27', 3, '2024-05-26 09:09:00'),
       ('c4496bfd-75af-48e7-89ba-13cd2d4b64945', 'daf47a79-d8c8-4068-a9b6-e3bc18c8e725', 'jdgchvauajkuvbh',
        'dsackacbjakcaw3', 'A1002', '2024-05-27', 5, '2024-05-26 09:20:00'),
       ('c4557a2a-3e53-4fe0-9b68-deacfbd6d1d01', 'daf47a79-d8c8-4068-a9b6-e3bc18c8e725', 'jdgchvauajkuvbh',
        'dsackacbjakcaw3', 'A1002', '2024-05-27', 1, '2024-05-26 09:04:01'),
       ('c481e201-3689-4021-b1e1-f4a5c3f7b9e32', 'daf47a79-d8c8-4068-a9b6-e3bc18c8e725', 'jdgchvauajkuvbh',
        'dsackacbjakcaw3', 'A1002', '2024-05-27', 2, '2024-05-26 09:22:00'),
       ('c4caa908-123b-4017-9f3a-43d2b30f867e1', 'admin', 'jdgchvauajkuvbh', 'dsackacbjakcaw3', 'A1001', '2024-05-27',
        1, '2024-05-26 08:58:00'),
       ('c5320b12-2441-4eca-ab8d-c641b609c6c06', 'daf47a79-d8c8-4068-a9b6-e3bc18c8e725', 'jdgchvauajkuvbh',
        'dsackacbjakcaw3', 'A1002', '2024-05-26', 6, '2024-05-25 19:38:01'),
       ('c5703ac7-0b30-4e2a-bd10-1094e031afcb1', 'admin', 'jdgchvauajkuvbh', 'dsackacbjakcaw3', 'A1001', '2024-05-26',
        1, '2024-05-25 19:38:00'),
       ('c5a0e813-a202-495b-bb86-b8cfe65293e70', 'daf47a79-d8c8-4068-a9b6-e3bc18c8e725', 'jdgchvauajkuvbh',
        'dsackacbjakcaw3', 'A1002', '2024-05-26', 0, '2024-05-25 19:36:00'),
       ('c5ff9a0f-a9f5-46e0-8eb4-0c09ee3180454', 'daf47a79-d8c8-4068-a9b6-e3bc18c8e725', 'jdgchvauajkuvbh',
        'dsackacbjakcaw3', 'A1002', '2024-05-27', 4, '2024-05-26 09:13:00'),
       ('c62cd6d4-242a-4780-add1-2cef6792fa1b0', 'admin', 'jdgchvauajkuvbh', 'dsackacbjakcaw3', 'A1001', '2024-05-27',
        0, '2024-05-26 09:07:00'),
       ('c650f845-5276-474e-8cc9-0decf679a4436', 'admin', 'jdgchvauajkuvbh', 'dsackacbjakcaw3', 'A1001', '2024-05-27',
        6, '2024-05-26 09:21:00'),
       ('c6bdbf8e-3fce-4dc8-b6a4-3eda564f89821', 'daf47a79-d8c8-4068-a9b6-e3bc18c8e725', 'jdgchvauajkuvbh',
        'dsackacbjakcaw3', 'A1002', '2024-05-26', 1, '2024-05-25 19:42:00'),
       ('c77b9e5f-51b6-45be-82f3-39747998d3c20', 'daf47a79-d8c8-4068-a9b6-e3bc18c8e725', 'jdgchvauajkuvbh',
        'dsackacbjakcaw3', 'A1002', '2024-05-26', 0, '2024-05-25 19:49:00'),
       ('c7a9ed84-3ae1-4ae4-a3ce-f695da083bd32', 'daf47a79-d8c8-4068-a9b6-e3bc18c8e725', 'jdgchvauajkuvbh',
        'dsackacbjakcaw3', 'A1002', '2024-05-26', 2, '2024-05-25 19:41:00'),
       ('c804aea1-9811-46a1-bd67-59ef5087702f4', 'admin', 'jdgchvauajkuvbh', 'dsackacbjakcaw3', 'A1001', '2024-05-26',
        4, '2024-05-25 19:32:00'),
       ('c80c8a51-a0e6-4742-8657-01187ea44d5c5', 'daf47a79-d8c8-4068-a9b6-e3bc18c8e725', 'jdgchvauajkuvbh',
        'dsackacbjakcaw3', 'A1002', '2024-05-27', 5, '2024-05-26 09:06:00'),
       ('c8cc0ac1-c0ad-4865-ae1c-952f63469db73', 'admin', 'jdgchvauajkuvbh', 'dsackacbjakcaw3', 'A1001', '2024-05-27',
        3, '2024-05-26 09:01:00'),
       ('c9080fe4-a254-47a0-8544-1126120d6e3d0', 'admin', 'jdgchvauajkuvbh', 'dsackacbjakcaw3', 'A1001', '2024-05-27',
        0, '2024-05-26 09:11:00'),
       ('c912b396-6a44-4b1a-87dc-cd0036c2438c1', 'admin', 'jdgchvauajkuvbh', 'dsackacbjakcaw3', 'A1001', '2024-05-26',
        1, '2024-05-25 19:59:00'),
       ('c93ad9d0-78fb-40c6-8f56-3c7cd97f602b1', 'admin', 'jdgchvauajkuvbh', 'dsackacbjakcaw3', 'A1001', '2024-05-26',
        1, '2024-05-25 19:29:04'),
       ('c985213e-311a-46b0-807c-b7ed8482c16f3', 'daf47a79-d8c8-4068-a9b6-e3bc18c8e725', 'jdgchvauajkuvbh',
        'dsackacbjakcaw3', 'A1002', '2024-05-27', 3, '2024-05-26 09:18:00'),
       ('c98808c5-64f5-4aae-8b47-4205b149851b2', 'daf47a79-d8c8-4068-a9b6-e3bc18c8e725', 'jdgchvauajkuvbh',
        'dsackacbjakcaw3', 'A1002', '2024-05-27', 2, '2024-05-26 08:58:01'),
       ('c9b88f6c-811a-4698-ad15-df48ef0836493', 'daf47a79-d8c8-4068-a9b6-e3bc18c8e725', 'jdgchvauajkuvbh',
        'dsackacbjakcaw3', 'A1002', '2024-05-27', 3, '2024-05-26 09:00:00'),
       ('c9f96749-9414-448d-85c9-befad0dc7d463', 'daf47a79-d8c8-4068-a9b6-e3bc18c8e725', 'jdgchvauajkuvbh',
        'dsackacbjakcaw3', 'A1002', '2024-06-05', 3, '2024-06-04 17:18:55'),
       ('ca3e64a1-2aed-407d-ba82-81a9cebe5eec1', 'daf47a79-d8c8-4068-a9b6-e3bc18c8e725', 'jdgchvauajkuvbh',
        'dsackacbjakcaw3', 'A1002', '2024-05-27', 1, '2024-05-26 09:24:00'),
       ('ca4daf42-f3ec-4172-8c72-379d50bcf1091', 'daf47a79-d8c8-4068-a9b6-e3bc18c8e725', 'jdgchvauajkuvbh',
        'dsackacbjakcaw3', 'A1002', '2024-05-26', 1, '2024-05-25 19:37:00'),
       ('ca8a3aa1-8df1-435b-a425-53c5f15bf2e53', 'daf47a79-d8c8-4068-a9b6-e3bc18c8e725', 'jdgchvauajkuvbh',
        'dsackacbjakcaw3', 'A1002', '2024-05-26', 3, '2024-05-25 19:40:00'),
       ('ca9e5f89-68d1-4d63-8453-f9bfc9d589aa1', 'admin', 'jdgchvauajkuvbh', 'dsackacbjakcaw3', 'A1001', '2024-05-26',
        1, '2024-05-25 19:52:00'),
       ('caa7089e-57b3-473e-83f9-e97ef4c337113', 'daf47a79-d8c8-4068-a9b6-e3bc18c8e725', 'jdgchvauajkuvbh',
        'dsackacbjakcaw3', 'A1002', '2024-05-26', 3, '2024-05-25 19:29:05'),
       ('cad5649a-c266-4ab4-aed8-22f16743c4712', 'daf47a79-d8c8-4068-a9b6-e3bc18c8e725', 'jdgchvauajkuvbh',
        'dsackacbjakcaw3', 'A1002', '2024-05-27', 2, '2024-05-26 09:02:00'),
       ('cae8c73d-45f8-4aa1-bce3-ca3bcccddd551', 'daf47a79-d8c8-4068-a9b6-e3bc18c8e725', 'jdgchvauajkuvbh',
        'dsackacbjakcaw3', 'A1002', '2024-05-26', 1, '2024-05-25 19:51:00'),
       ('cbe19332-5779-4838-ad03-c209df69c7076', 'daf47a79-d8c8-4068-a9b6-e3bc18c8e725', 'jdgchvauajkuvbh',
        'dsackacbjakcaw3', 'A1002', '2024-05-26', 6, '2024-05-25 19:37:00'),
       ('cc13cba4-c88d-42de-98d5-e0c5f699fe0b1', 'daf47a79-d8c8-4068-a9b6-e3bc18c8e725', 'jdgchvauajkuvbh',
        'dsackacbjakcaw3', 'A1002', '2024-05-26', 1, '2024-05-25 19:39:00'),
       ('ccb2667d-fe5f-49de-8c83-8fbd3c0e84786', 'daf47a79-d8c8-4068-a9b6-e3bc18c8e725', 'jdgchvauajkuvbh',
        'dsackacbjakcaw3', 'A1002', '2024-05-26', 6, '2024-05-25 19:40:00'),
       ('ccdc9d77-eb92-478c-ab3e-7cd396898ac54', 'admin', 'jdgchvauajkuvbh', 'dsackacbjakcaw3', 'A1001', '2024-05-26',
        4, '2024-05-25 19:41:00'),
       ('cceaa337-d56e-4674-8a99-594dfe317c511', 'daf47a79-d8c8-4068-a9b6-e3bc18c8e725', 'jdgchvauajkuvbh',
        'dsackacbjakcaw3', 'A1002', '2024-05-27', 1, '2024-05-26 09:02:00'),
       ('cd154e52-f54e-4a90-8427-e3f3f69a16333', 'admin', 'jdgchvauajkuvbh', 'dsackacbjakcaw3', 'A1001', '2024-05-27',
        3, '2024-05-26 09:20:00'),
       ('cd2f3d09-df60-4e9d-8c18-285176869f2b1', 'admin', 'jdgchvauajkuvbh', 'dsackacbjakcaw3', 'A1001', '2024-05-27',
        1, '2024-05-26 08:59:00'),
       ('cd448b49-6ffe-465b-bfde-ab8c678b019f0', 'admin', 'jdgchvauajkuvbh', 'dsackacbjakcaw3', 'A1001', '2024-05-26',
        0, '2024-05-25 19:28:01'),
       ('cd6b6673-e374-4abe-bab0-0378653739642', 'admin', 'jdgchvauajkuvbh', 'dsackacbjakcaw3', 'A1001', '2024-05-26',
        2, '2024-05-25 19:55:00'),
       ('cd74d21d-dfc1-4035-890c-75c465e69f7b6', 'admin', 'jdgchvauajkuvbh', 'dsackacbjakcaw3', 'A1001', '2024-05-26',
        6, '2024-05-25 20:01:00'),
       ('cebcdddb-b2c6-46fd-aceb-0ae6403f2c735', 'admin', 'jdgchvauajkuvbh', 'dsackacbjakcaw3', 'A1001', '2024-05-26',
        5, '2024-05-25 19:53:00'),
       ('cec7dbca-ba89-477c-926c-33531c0a48fc5', 'admin', 'jdgchvauajkuvbh', 'dsackacbjakcaw3', 'A1001', '2024-05-27',
        5, '2024-05-26 09:21:00'),
       ('cf369294-ff26-4d46-a117-7e2fe9924f0e0', 'daf47a79-d8c8-4068-a9b6-e3bc18c8e725', 'jdgchvauajkuvbh',
        'dsackacbjakcaw3', 'A1002', '2024-05-27', 0, '2024-05-26 09:03:00'),
       ('d0617f6c-5b4a-4598-bc1b-9a185f22b79b5', 'daf47a79-d8c8-4068-a9b6-e3bc18c8e725', 'jdgchvauajkuvbh',
        'dsackacbjakcaw3', 'A1002', '2024-05-26', 5, '2024-05-25 19:31:00'),
       ('d07de4d3-5d50-430e-a5fd-e93136fca4e63', 'admin', 'jdgchvauajkuvbh', 'dsackacbjakcaw3', 'A1001', '2024-06-11',
        3, '2024-06-10 17:00:00'),
       ('d0c6415f-f55d-4e2d-80a8-1477545a3def0', 'daf47a79-d8c8-4068-a9b6-e3bc18c8e725', 'jdgchvauajkuvbh',
        'dsackacbjakcaw3', 'A1002', '2024-05-26', 0, '2024-05-25 19:56:00'),
       ('d1271218-61e2-4a0b-adfc-0af80683d7900', 'daf47a79-d8c8-4068-a9b6-e3bc18c8e725', 'jdgchvauajkuvbh',
        'dsackacbjakcaw3', 'A1002', '2024-05-26', 0, '2024-05-25 19:30:00'),
       ('d13fe95e-bac0-46c2-81ad-73fd08d55027', 'd40e8574-f865-48e5-8fb6-bdc3e8725e8d', 'jdgchvauajkuvbh',
        'dsackacbjakcaw3', 'A1001', '2024-05-25', 1, '2024-05-25 11:22:21'),
       ('d1725b09-776b-4516-bf1e-998de7f658146', 'admin', 'jdgchvauajkuvbh', 'dsackacbjakcaw3', 'A1001', '2024-05-26',
        6, '2024-05-25 19:34:00'),
       ('d1781b30-5729-4926-88ea-51a91a9212fa3', 'admin', 'jdgchvauajkuvbh', 'dsackacbjakcaw3', 'A1001', '2024-05-27',
        3, '2024-05-26 08:59:00'),
       ('d1da592b-bbc2-48ff-b9a4-e6af91ccc6e10', 'daf47a79-d8c8-4068-a9b6-e3bc18c8e725', 'jdgchvauajkuvbh',
        'dsackacbjakcaw3', 'A1002', '2024-05-26', 0, '2024-05-25 19:28:01'),
       ('d20ad8de-1ea1-4be7-ba2b-9d9b9b276ab11', 'admin', 'jdgchvauajkuvbh', 'dsackacbjakcaw3', 'A1001', '2024-05-26',
        1, '2024-05-25 19:32:00'),
       ('d271ceea-e50c-4046-a1b9-ecbca54311296', 'daf47a79-d8c8-4068-a9b6-e3bc18c8e725', 'jdgchvauajkuvbh',
        'dsackacbjakcaw3', 'A1002', '2024-05-26', 6, '2024-05-25 19:52:00'),
       ('d2871e21-bdf3-4891-8711-73d6d1d15fb93', 'admin', 'jdgchvauajkuvbh', 'dsackacbjakcaw3', 'A1001', '2024-05-26',
        3, '2024-05-25 19:40:00'),
       ('d2ca2f43-e914-4170-bf88-abb583adde5a6', 'admin', 'jdgchvauajkuvbh', 'dsackacbjakcaw3', 'A1001', '2024-05-27',
        6, '2024-05-26 08:59:00'),
       ('d2d7fde0-48c2-4885-a8d5-36b92c8adf3a5', 'admin', 'jdgchvauajkuvbh', 'dsackacbjakcaw3', 'A1001', '2024-05-26',
        5, '2024-05-25 19:47:00'),
       ('d2fb8633-8059-466e-8eda-d02d032c47963', 'daf47a79-d8c8-4068-a9b6-e3bc18c8e725', 'jdgchvauajkuvbh',
        'dsackacbjakcaw3', 'A1002', '2024-05-27', 3, '2024-05-26 09:22:00'),
       ('d309ce13-5de5-4c02-9259-d99e54af9c221', 'admin', 'jdgchvauajkuvbh', 'dsackacbjakcaw3', 'A1001', '2024-05-27',
        1, '2024-05-26 09:16:00'),
       ('d33d0cab-cf4d-450e-afc5-638a1ba6a3d20', 'daf47a79-d8c8-4068-a9b6-e3bc18c8e725', 'jdgchvauajkuvbh',
        'dsackacbjakcaw3', 'A1002', '2024-05-27', 0, '2024-05-26 09:01:00'),
       ('d349a55d-bad7-49c0-a01e-e10f8cbb04580', 'admin', 'jdgchvauajkuvbh', 'dsackacbjakcaw3', 'A1001', '2024-05-26',
        0, '2024-05-25 19:35:00'),
       ('d39c1d6e-aeaf-49f7-9869-c87cb2ca0e923', 'admin', 'jdgchvauajkuvbh', 'dsackacbjakcaw3', 'A1001', '2024-05-26',
        3, '2024-05-25 19:44:00'),
       ('d3a48aee-c754-42ab-bdc9-bbf18c83644d1', 'admin', 'jdgchvauajkuvbh', 'dsackacbjakcaw3', 'A1001', '2024-05-27',
        1, '2024-05-26 09:15:00'),
       ('d3bc0fc9-7010-4f07-acf7-34e0bee9d5136', 'admin', 'jdgchvauajkuvbh', 'dsackacbjakcaw3', 'A1001', '2024-05-26',
        6, '2024-05-25 19:39:00'),
       ('d3c5f515-7a09-47bd-933f-86043639a78d5', 'daf47a79-d8c8-4068-a9b6-e3bc18c8e725', 'jdgchvauajkuvbh',
        'dsackacbjakcaw3', 'A1002', '2024-05-26', 5, '2024-05-25 19:30:00'),
       ('d3f6e5ca-3f1d-4042-a842-b82a94940dbc6', 'daf47a79-d8c8-4068-a9b6-e3bc18c8e725', 'jdgchvauajkuvbh',
        'dsackacbjakcaw3', 'A1002', '2024-05-27', 6, '2024-05-26 09:04:01'),
       ('d41553d1-ac36-4598-b4e6-55453ede2b0f1', 'admin', 'jdgchvauajkuvbh', 'dsackacbjakcaw3', 'A1001', '2024-05-26',
        1, '2024-05-25 19:55:00'),
       ('d43f9388-9670-4142-a503-204d005a2b2f1', 'daf47a79-d8c8-4068-a9b6-e3bc18c8e725', 'jdgchvauajkuvbh',
        'dsackacbjakcaw3', 'A1002', '2024-05-27', 1, '2024-05-26 09:13:00'),
       ('d453e398-9e9b-4d04-b68e-863a34d327826', 'daf47a79-d8c8-4068-a9b6-e3bc18c8e725', 'jdgchvauajkuvbh',
        'dsackacbjakcaw3', 'A1002', '2024-05-26', 6, '2024-05-25 19:50:01'),
       ('d4a261dd-f63a-4206-ac49-7d7fbedd5c444', 'daf47a79-d8c8-4068-a9b6-e3bc18c8e725', 'jdgchvauajkuvbh',
        'dsackacbjakcaw3', 'A1002', '2024-05-26', 4, '2024-05-25 19:59:00'),
       ('d4bd6cd6-5b48-40fc-a07c-b04de6ec481c0', 'daf47a79-d8c8-4068-a9b6-e3bc18c8e725', 'jdgchvauajkuvbh',
        'dsackacbjakcaw3', 'A1002', '2024-05-26', 0, '2024-05-25 11:39:23'),
       ('d4d827e6-2545-41ce-b5f2-2d21f15faa954', 'admin', 'jdgchvauajkuvbh', 'dsackacbjakcaw3', 'A1001', '2024-05-26',
        4, '2024-05-25 19:30:00'),
       ('d4d95e5c-e6f4-4711-897e-1545c91ac76b2', 'admin', 'jdgchvauajkuvbh', 'dsackacbjakcaw3', 'A1001', '2024-05-26',
        2, '2024-05-25 19:46:00'),
       ('d53d0c9e-7188-45f6-b226-40ae0693cc290', 'daf47a79-d8c8-4068-a9b6-e3bc18c8e725', 'jdgchvauajkuvbh',
        'dsackacbjakcaw3', 'A1002', '2024-05-27', 0, '2024-05-26 09:22:00'),
       ('d592d251-bb3e-4b42-95e9-d2cb598bce7f6', 'admin', 'jdgchvauajkuvbh', 'dsackacbjakcaw3', 'A1001', '2024-05-26',
        6, '2024-05-25 19:53:00'),
       ('d5f0e030-bd7c-4261-8ab5-358743ee2b773', 'daf47a79-d8c8-4068-a9b6-e3bc18c8e725', 'jdgchvauajkuvbh',
        'dsackacbjakcaw3', 'A1002', '2024-05-27', 3, '2024-05-26 09:17:00'),
       ('d696794e-fd0a-4cd4-8732-ec2911b684182', 'admin', 'jdgchvauajkuvbh', 'dsackacbjakcaw3', 'A1001', '2024-05-26',
        2, '2024-05-25 19:49:00'),
       ('d6ada4d0-7796-409e-b5e8-818423c30c1f5', 'daf47a79-d8c8-4068-a9b6-e3bc18c8e725', 'jdgchvauajkuvbh',
        'dsackacbjakcaw3', 'A1002', '2024-05-26', 5, '2024-05-25 19:41:00'),
       ('d6bc5e1e-e729-44ec-8c85-8665a6bf73c52', 'daf47a79-d8c8-4068-a9b6-e3bc18c8e725', 'jdgchvauajkuvbh',
        'dsackacbjakcaw3', 'A1002', '2024-05-27', 2, '2024-05-26 09:20:00'),
       ('d6edb285-f26a-4117-ad11-2cb242453e133', 'admin', 'jdgchvauajkuvbh', 'dsackacbjakcaw3', 'A1001', '2024-05-26',
        3, '2024-05-25 20:00:00'),
       ('d7120a5e-be29-41c7-bb0e-87827a3861b16', 'admin', 'jdgchvauajkuvbh', 'dsackacbjakcaw3', 'A1001', '2024-05-26',
        6, '2024-05-25 19:50:00'),
       ('d76f04b4-ca8a-4353-9d5c-dc91fe9c6bf95', 'admin', 'jdgchvauajkuvbh', 'dsackacbjakcaw3', 'A1001', '2024-05-26',
        5, '2024-05-25 19:43:00'),
       ('d7c29a59-1dc7-41bc-af91-fbcdce533fee0', 'admin', 'jdgchvauajkuvbh', 'dsackacbjakcaw3', 'A1001', '2024-05-26',
        0, '2024-05-25 19:34:00'),
       ('d80f582c-c110-4b57-b627-23f91814bede3', 'daf47a79-d8c8-4068-a9b6-e3bc18c8e725', 'jdgchvauajkuvbh',
        'dsackacbjakcaw3', 'A1002', '2024-05-26', 3, '2024-05-25 19:34:00'),
       ('d8499f35-6156-47b9-b48e-cd2ca24ed16f0', 'daf47a79-d8c8-4068-a9b6-e3bc18c8e725', 'jdgchvauajkuvbh',
        'dsackacbjakcaw3', 'A1002', '2024-05-27', 0, '2024-05-26 09:14:00'),
       ('d882a7b0-d282-4e59-97a7-248b771ecfac4', 'admin', 'jdgchvauajkuvbh', 'dsackacbjakcaw3', 'A1001', '2024-05-27',
        4, '2024-05-26 09:16:00'),
       ('d8ea622e-52ab-460d-a1ad-953a132cb6a00', 'daf47a79-d8c8-4068-a9b6-e3bc18c8e725', 'jdgchvauajkuvbh',
        'dsackacbjakcaw3', 'A1002', '2024-05-26', 0, '2024-05-25 19:39:00'),
       ('d915699b-4d4f-4fef-bdc6-a798a64fb6690', 'daf47a79-d8c8-4068-a9b6-e3bc18c8e725', 'jdgchvauajkuvbh',
        'dsackacbjakcaw3', 'A1002', '2024-05-26', 0, '2024-05-25 19:00:01'),
       ('d91d628f-bc58-4400-baf2-f5c2ff0644143', 'daf47a79-d8c8-4068-a9b6-e3bc18c8e725', 'jdgchvauajkuvbh',
        'dsackacbjakcaw3', 'A1002', '2024-05-26', 3, '2024-05-25 19:59:00'),
       ('d92ad2bc-6f38-43d4-883b-fc82ea35fda16', 'daf47a79-d8c8-4068-a9b6-e3bc18c8e725', 'jdgchvauajkuvbh',
        'dsackacbjakcaw3', 'A1002', '2024-05-27', 6, '2024-05-26 09:12:01'),
       ('da02458d-85d5-44af-a651-94bc129521415', 'admin', 'jdgchvauajkuvbh', 'dsackacbjakcaw3', 'A1001', '2024-05-26',
        5, '2024-05-25 20:04:00'),
       ('da361411-6807-47f0-8e6d-92c6602513013', 'admin', 'jdgchvauajkuvbh', 'dsackacbjakcaw3', 'A1001', '2024-05-27',
        3, '2024-05-26 09:16:00'),
       ('da5eaaa9-06bf-4870-9c76-bfe2467eb0885', 'admin', 'jdgchvauajkuvbh', 'dsackacbjakcaw3', 'A1001', '2024-05-27',
        5, '2024-05-26 09:01:00'),
       ('dadec3c5-bd69-48dc-9174-0d0312565cab6', 'daf47a79-d8c8-4068-a9b6-e3bc18c8e725', 'jdgchvauajkuvbh',
        'dsackacbjakcaw3', 'A1002', '2024-05-27', 6, '2024-05-26 08:58:01'),
       ('db067e05-7529-4859-9dc0-24fd3b0012d24', 'admin', 'jdgchvauajkuvbh', 'dsackacbjakcaw3', 'A1001', '2024-05-26',
        4, '2024-05-25 19:29:04'),
       ('db16b14e-3a02-42dc-8641-647d50b29c235', 'daf47a79-d8c8-4068-a9b6-e3bc18c8e725', 'jdgchvauajkuvbh',
        'dsackacbjakcaw3', 'A1002', '2024-05-27', 5, '2024-05-26 09:04:01'),
       ('db1cf25a-9fa3-4871-96ef-82109810ea524', 'daf47a79-d8c8-4068-a9b6-e3bc18c8e725', 'jdgchvauajkuvbh',
        'dsackacbjakcaw3', 'A1002', '2024-05-26', 4, '2024-05-25 20:03:00'),
       ('db598d24-e2fb-4a1e-a3f3-bc76d8c686242', 'daf47a79-d8c8-4068-a9b6-e3bc18c8e725', 'jdgchvauajkuvbh',
        'dsackacbjakcaw3', 'A1002', '2024-05-27', 2, '2024-05-26 09:04:01'),
       ('db75396c-a4cf-4160-b546-93b0aa154ead0', 'admin', 'jdgchvauajkuvbh', 'dsackacbjakcaw3', 'A1001', '2024-05-27',
        0, '2024-05-26 09:14:00'),
       ('db8b20ad-09c7-47d9-a202-a75f0e24d0c74', 'daf47a79-d8c8-4068-a9b6-e3bc18c8e725', 'jdgchvauajkuvbh',
        'dsackacbjakcaw3', 'A1002', '2024-05-26', 4, '2024-05-25 19:40:00'),
       ('dbd4df73-251c-4b62-90cc-f80f384b31ad6', 'admin', 'jdgchvauajkuvbh', 'dsackacbjakcaw3', 'A1001', '2024-05-27',
        6, '2024-05-26 09:20:00'),
       ('dc86742d-6554-406f-bf9c-6d321d6a1faa3', 'daf47a79-d8c8-4068-a9b6-e3bc18c8e725', 'jdgchvauajkuvbh',
        'dsackacbjakcaw3', 'A1002', '2024-05-27', 3, '2024-05-26 09:23:00'),
       ('dc8eba80-ebbb-43da-9c4d-8ee8da5e5ab86', 'admin', 'jdgchvauajkuvbh', 'dsackacbjakcaw3', 'A1001', '2024-05-27',
        6, '2024-05-26 09:23:00'),
       ('dd08cb05-fd2a-42ca-9bed-d727a7440a194', 'admin', 'jdgchvauajkuvbh', 'dsackacbjakcaw3', 'A1001', '2024-05-26',
        4, '2024-05-25 19:55:00'),
       ('dd67a515-3abe-4de2-b636-fb14c6b17b3a3', 'admin', 'jdgchvauajkuvbh', 'dsackacbjakcaw3', 'A1001', '2024-05-27',
        3, '2024-05-26 09:15:00'),
       ('dd8274df-d60e-4ef4-8533-6a87a886e7682', 'daf47a79-d8c8-4068-a9b6-e3bc18c8e725', 'jdgchvauajkuvbh',
        'dsackacbjakcaw3', 'A1002', '2024-05-26', 2, '2024-05-25 19:39:00'),
       ('ddbb64a3-9895-4671-a734-8c6237fd2d9e3', 'admin', 'jdgchvauajkuvbh', 'dsackacbjakcaw3', 'A1001', '2024-05-27',
        3, '2024-05-26 09:23:00'),
       ('def52d6d-c3d9-4f4e-92e7-2b01a4d544e46', 'admin', 'jdgchvauajkuvbh', 'dsackacbjakcaw3', 'A1001', '2024-05-26',
        6, '2024-05-25 19:45:00'),
       ('def96e51-a325-42d9-b974-82b2937d94c23', 'admin', 'jdgchvauajkuvbh', 'dsackacbjakcaw3', 'A1001', '2024-05-26',
        3, '2024-05-25 19:45:00'),
       ('df09c271-35bd-4c2a-8c4c-e1066593957f0', 'admin', 'jdgchvauajkuvbh', 'dsackacbjakcaw3', 'A1001', '2024-05-27',
        0, '2024-05-26 09:01:00'),
       ('df781abe-9560-4ffd-8147-3bd64d8593795', 'daf47a79-d8c8-4068-a9b6-e3bc18c8e725', 'jdgchvauajkuvbh',
        'dsackacbjakcaw3', 'A1002', '2024-05-26', 5, '2024-05-25 19:35:00'),
       ('dfce8233-217a-4f39-8a71-944a29c27e030', 'admin', 'jdgchvauajkuvbh', 'dsackacbjakcaw3', 'A1001', '2024-05-27',
        0, '2024-05-26 09:13:00'),
       ('dffd1afe-d37e-4ffd-8e60-1a90a35f1c406', 'admin', 'jdgchvauajkuvbh', 'dsackacbjakcaw3', 'A1001', '2024-05-27',
        6, '2024-05-26 09:15:00'),
       ('e00e3f2e-8748-42e7-95af-d1112a104bce2', 'admin', 'jdgchvauajkuvbh', 'dsackacbjakcaw3', 'A1001', '2024-05-27',
        2, '2024-05-26 09:13:00'),
       ('e01f23ab-2466-4a03-abe5-1e664e7b8de34', 'admin', 'jdgchvauajkuvbh', 'dsackacbjakcaw3', 'A1001', '2024-05-27',
        4, '2024-05-26 09:12:00'),
       ('e0305294-e1e1-4c93-a3ea-1511705cfb0c1', 'daf47a79-d8c8-4068-a9b6-e3bc18c8e725', 'jdgchvauajkuvbh',
        'dsackacbjakcaw3', 'A1002', '2024-05-26', 1, '2024-05-25 19:36:00'),
       ('e0806694-54c4-4409-b42a-eadd11dbb5765', 'daf47a79-d8c8-4068-a9b6-e3bc18c8e725', 'jdgchvauajkuvbh',
        'dsackacbjakcaw3', 'A1002', '2024-05-27', 5, '2024-05-26 08:58:01'),
       ('e082ead4-911e-44a9-a649-53229c8135f85', 'admin', 'jdgchvauajkuvbh', 'dsackacbjakcaw3', 'A1001', '2024-05-27',
        5, '2024-05-26 09:12:00'),
       ('e11f11a6-c921-404d-a86a-b9097d0f7d083', 'daf47a79-d8c8-4068-a9b6-e3bc18c8e725', 'jdgchvauajkuvbh',
        'dsackacbjakcaw3', 'A1002', '2024-05-27', 3, '2024-05-26 09:11:01'),
       ('e1fe3971-1579-45d1-a106-d5a11207d93f3', 'daf47a79-d8c8-4068-a9b6-e3bc18c8e725', 'jdgchvauajkuvbh',
        'dsackacbjakcaw3', 'A1002', '2024-05-26', 3, '2024-05-25 19:41:00'),
       ('e241aec1-e3c3-4f9d-ab8d-64aa05f00f891', 'daf47a79-d8c8-4068-a9b6-e3bc18c8e725', 'jdgchvauajkuvbh',
        'dsackacbjakcaw3', 'A1002', '2024-05-27', 1, '2024-05-26 09:08:00'),
       ('e2b3159a-7e26-432d-89b2-db1d7cb57e704', 'daf47a79-d8c8-4068-a9b6-e3bc18c8e725', 'jdgchvauajkuvbh',
        'dsackacbjakcaw3', 'A1002', '2024-05-26', 4, '2024-05-25 19:58:00'),
       ('e30aa68b-2874-49a8-b28b-85effe9c7e6d4', 'admin', 'jdgchvauajkuvbh', 'dsackacbjakcaw3', 'A1001', '2024-05-26',
        4, '2024-05-25 19:57:00'),
       ('e3378164-2836-4246-9195-953f67e411f01', 'daf47a79-d8c8-4068-a9b6-e3bc18c8e725', 'jdgchvauajkuvbh',
        'dsackacbjakcaw3', 'A1002', '2024-05-27', 1, '2024-05-26 09:00:00'),
       ('e3a0bfba-907d-4ac9-a025-e23590bd65910', 'admin', 'jdgchvauajkuvbh', 'dsackacbjakcaw3', 'A1001', '2024-05-26',
        0, '2024-05-25 11:36:31'),
       ('e3c441d4-eb2f-4589-82e0-e4f1cc6f2df16', 'admin', 'jdgchvauajkuvbh', 'dsackacbjakcaw3', 'A1001', '2024-05-26',
        6, '2024-05-25 19:58:00'),
       ('e422e23a-96fc-44b9-b59d-10dde2bce4462', 'admin', 'jdgchvauajkuvbh', 'dsackacbjakcaw3', 'A1001', '2024-05-27',
        2, '2024-05-26 09:17:00'),
       ('e46a50ac-abff-4397-a35e-9aa9ecb9e06e0', 'admin', 'jdgchvauajkuvbh', 'dsackacbjakcaw3', 'A1001', '2024-05-26',
        0, '2024-05-25 20:00:00'),
       ('e4773082-7755-4ad3-a6c2-05dcb92f9c7f2', 'admin', 'jdgchvauajkuvbh', 'dsackacbjakcaw3', 'A1001', '2024-05-26',
        2, '2024-05-25 19:35:00'),
       ('e4ab3c9b-8762-4f50-b51b-5d74adb8f7b76', 'daf47a79-d8c8-4068-a9b6-e3bc18c8e725', 'jdgchvauajkuvbh',
        'dsackacbjakcaw3', 'A1002', '2024-06-11', 6, '2024-06-10 14:19:06'),
       ('e4cadf92-1ba6-47be-a5d6-6e62e6b24c455', 'daf47a79-d8c8-4068-a9b6-e3bc18c8e725', 'jdgchvauajkuvbh',
        'dsackacbjakcaw3', 'A1002', '2024-05-27', 5, '2024-05-26 09:23:00'),
       ('e519cd7f-410f-4ac8-9c76-fda754b5d1f32', 'admin', 'jdgchvauajkuvbh', 'dsackacbjakcaw3', 'A1001', '2024-05-27',
        2, '2024-05-26 09:16:00'),
       ('e588599c-e8bb-442f-bab7-178117a6c34d1', 'daf47a79-d8c8-4068-a9b6-e3bc18c8e725', 'jdgchvauajkuvbh',
        'dsackacbjakcaw3', 'A1002', '2024-05-27', 1, '2024-05-26 09:03:00'),
       ('e596766e-96a8-410b-9af7-7ff55827c87d1', 'daf47a79-d8c8-4068-a9b6-e3bc18c8e725', 'jdgchvauajkuvbh',
        'dsackacbjakcaw3', 'A1002', '2024-05-26', 1, '2024-05-25 19:29:05'),
       ('e6051e96-d136-4acb-9c98-4cde99b548526', 'daf47a79-d8c8-4068-a9b6-e3bc18c8e725', 'jdgchvauajkuvbh',
        'dsackacbjakcaw3', 'A1002', '2024-05-27', 6, '2024-05-26 09:21:00'),
       ('e6067897-a777-4860-87ba-77cfc20bc9874', 'admin', 'jdgchvauajkuvbh', 'dsackacbjakcaw3', 'A1001', '2024-05-26',
        4, '2024-05-25 11:36:43'),
       ('e61c802a-2d6a-4ef1-acfe-8cfd7f8aa3105', 'daf47a79-d8c8-4068-a9b6-e3bc18c8e725', 'jdgchvauajkuvbh',
        'dsackacbjakcaw3', 'A1002', '2024-05-26', 5, '2024-05-25 19:44:00'),
       ('e620157d-4df9-4cef-83b5-f7b1fd5f3bd71', 'admin', 'jdgchvauajkuvbh', 'dsackacbjakcaw3', 'A1001', '2024-05-27',
        1, '2024-05-26 09:12:00'),
       ('e64e6b27-c1e7-4fc7-8638-3a6a3adca0a75', 'daf47a79-d8c8-4068-a9b6-e3bc18c8e725', 'jdgchvauajkuvbh',
        'dsackacbjakcaw3', 'A1002', '2024-05-26', 5, '2024-05-25 19:48:00'),
       ('e66d4ab4-a5bb-4071-8f90-9541e83764e02', 'admin', 'jdgchvauajkuvbh', 'dsackacbjakcaw3', 'A1001', '2024-05-27',
        2, '2024-05-26 09:24:00'),
       ('e76204a6-e953-4c9f-8e64-9df5fea04aca6', 'admin', 'jdgchvauajkuvbh', 'dsackacbjakcaw3', 'A1001', '2024-05-27',
        6, '2024-05-26 09:13:00'),
       ('e7754066-7955-4039-8302-60f74b9cf9b50', 'admin', 'jdgchvauajkuvbh', 'dsackacbjakcaw3', 'A1001', '2024-05-26',
        0, '2024-05-25 11:40:07'),
       ('e7b3036f-80d7-4d3e-b8e8-1dc7a68865fc1', 'admin', 'jdgchvauajkuvbh', 'dsackacbjakcaw3', 'A1001', '2024-05-26',
        1, '2024-05-25 19:41:00'),
       ('e7cfc7da-8b07-471f-8d62-7eb3fd07debd5', 'daf47a79-d8c8-4068-a9b6-e3bc18c8e725', 'jdgchvauajkuvbh',
        'dsackacbjakcaw3', 'A1002', '2024-05-27', 5, '2024-05-26 09:18:00'),
       ('e7e217b5-1748-4225-82db-b1ace75fd5ba6', 'daf47a79-d8c8-4068-a9b6-e3bc18c8e725', 'jdgchvauajkuvbh',
        'dsackacbjakcaw3', 'A1002', '2024-06-11', 6, '2024-06-10 17:00:00'),
       ('e8786bc8-4f01-4c5e-a928-48ef66cfb8ee4', 'daf47a79-d8c8-4068-a9b6-e3bc18c8e725', 'jdgchvauajkuvbh',
        'dsackacbjakcaw3', 'A1002', '2024-05-26', 4, '2024-05-25 19:52:00'),
       ('e8b3177c-e090-4578-bc0b-0d24827400241', 'admin', 'jdgchvauajkuvbh', 'dsackacbjakcaw3', 'A1001', '2024-05-26',
        1, '2024-05-25 20:04:00'),
       ('e8d3e1ef-25af-48be-8640-32dedaa4c2403', 'admin', 'jdgchvauajkuvbh', 'dsackacbjakcaw3', 'A1001', '2024-05-27',
        3, '2024-05-26 09:18:00'),
       ('e938e70d-1c18-4668-b0ac-1a9aa889735e5', 'admin', 'jdgchvauajkuvbh', 'dsackacbjakcaw3', 'A1001', '2024-05-26',
        5, '2024-05-25 19:58:00'),
       ('e9bd1793-6f23-420c-b638-48b43caf50452', 'admin', 'jdgchvauajkuvbh', 'dsackacbjakcaw3', 'A1001', '2024-05-26',
        2, '2024-05-25 19:00:00'),
       ('e9e3829a-2198-4847-bc78-21e6bb6067513', 'daf47a79-d8c8-4068-a9b6-e3bc18c8e725', 'jdgchvauajkuvbh',
        'dsackacbjakcaw3', 'A1002', '2024-05-26', 3, '2024-05-25 20:04:00'),
       ('e9f8938d-9cb1-464e-bae8-0fc308cade211', 'daf47a79-d8c8-4068-a9b6-e3bc18c8e725', 'jdgchvauajkuvbh',
        'dsackacbjakcaw3', 'A1002', '2024-05-27', 1, '2024-05-26 09:01:00'),
       ('ea14d792-e336-4254-bc50-33d6cba1e2734', 'daf47a79-d8c8-4068-a9b6-e3bc18c8e725', 'jdgchvauajkuvbh',
        'dsackacbjakcaw3', 'A1002', '2024-05-26', 4, '2024-05-25 19:54:01'),
       ('eb308686-8e00-420d-900c-7ebfe7607b401', 'admin', 'jdgchvauajkuvbh', 'dsackacbjakcaw3', 'A1001', '2024-05-26',
        1, '2024-05-25 20:00:00'),
       ('eb365da2-9eb5-44f6-8777-e6ae645861ca2', 'admin', 'jdgchvauajkuvbh', 'dsackacbjakcaw3', 'A1001', '2024-05-27',
        2, '2024-05-26 09:07:00'),
       ('eb5ecc06-677e-4c86-a639-08522d5e46902', 'daf47a79-d8c8-4068-a9b6-e3bc18c8e725', 'jdgchvauajkuvbh',
        'dsackacbjakcaw3', 'A1002', '2024-05-26', 2, '2024-05-25 19:00:01'),
       ('eb923f27-21f5-4e9d-a3f6-61eb8d1b4d725', 'admin', 'jdgchvauajkuvbh', 'dsackacbjakcaw3', 'A1001', '2024-05-26',
        5, '2024-05-25 19:36:00'),
       ('ebbc832b-caa8-45d1-92ef-d47762d6ca0f2', 'daf47a79-d8c8-4068-a9b6-e3bc18c8e725', 'jdgchvauajkuvbh',
        'dsackacbjakcaw3', 'A1002', '2024-05-26', 2, '2024-05-25 19:53:00'),
       ('ec144232-4f4f-4b24-999e-460e6e056a8f5', 'daf47a79-d8c8-4068-a9b6-e3bc18c8e725', 'jdgchvauajkuvbh',
        'dsackacbjakcaw3', 'A1002', '2024-05-26', 5, '2024-05-25 19:58:00'),
       ('ec45844a-2508-4120-a044-a68b8fbccc734', 'admin', 'jdgchvauajkuvbh', 'dsackacbjakcaw3', 'A1001', '2024-05-26',
        4, '2024-05-25 19:45:00'),
       ('ecc5ebb3-74d6-41b8-86a9-b2b55a4e2c784', 'admin', 'jdgchvauajkuvbh', 'dsackacbjakcaw3', 'A1001', '2024-05-26',
        4, '2024-05-25 19:54:00'),
       ('ed3cc0eb-fb89-4e59-8cf5-0dc12dbb7abf0', 'admin', 'jdgchvauajkuvbh', 'dsackacbjakcaw3', 'A1001', '2024-05-27',
        0, '2024-05-26 09:20:00'),
       ('ed55a771-7117-4f8d-8ad7-f57ce6bfb9433', 'admin', 'jdgchvauajkuvbh', 'dsackacbjakcaw3', 'A1001', '2024-05-26',
        3, '2024-05-25 11:36:41'),
       ('ed6d09ef-e644-49d6-8d34-675c8d7adbdb4', 'daf47a79-d8c8-4068-a9b6-e3bc18c8e725', 'jdgchvauajkuvbh',
        'dsackacbjakcaw3', 'A1002', '2024-05-27', 4, '2024-05-26 09:11:01'),
       ('ed848f80-f9ce-4d27-b229-49293d8cc3b51', 'admin', 'jdgchvauajkuvbh', 'dsackacbjakcaw3', 'A1001', '2024-05-26',
        1, '2024-05-25 20:02:00'),
       ('edc6c75e-5cd3-4f33-a432-e0acdeccbf771', 'admin', 'jdgchvauajkuvbh', 'dsackacbjakcaw3', 'A1001', '2024-05-27',
        1, '2024-05-26 09:13:00'),
       ('edd83583-0164-4f65-a510-7cade95dc9e14', 'admin', 'jdgchvauajkuvbh', 'dsackacbjakcaw3', 'A1001', '2024-05-26',
        4, '2024-05-25 19:52:00'),
       ('edeefcfa-cc1a-4190-8c19-bf7a61b9ba184', 'daf47a79-d8c8-4068-a9b6-e3bc18c8e725', 'jdgchvauajkuvbh',
        'dsackacbjakcaw3', 'A1002', '2024-05-26', 4, '2024-05-25 20:02:00'),
       ('edf07b36-e2fd-498e-bf15-bdb247e684631', 'daf47a79-d8c8-4068-a9b6-e3bc18c8e725', 'jdgchvauajkuvbh',
        'dsackacbjakcaw3', 'A1002', '2024-05-26', 1, '2024-05-25 19:53:00'),
       ('edf21787-fb99-4165-a24d-27f0aeb398d26', 'admin', 'jdgchvauajkuvbh', 'dsackacbjakcaw3', 'A1001', '2024-05-26',
        6, '2024-05-25 19:32:00'),
       ('ee2cd25a-8dd0-4f0b-a6ef-4a18e83161a61', 'admin', 'jdgchvauajkuvbh', 'dsackacbjakcaw3', 'A1001', '2024-05-27',
        1, '2024-05-26 09:20:00'),
       ('ee7856f5-ba6b-4918-8c94-43acb7472b834', 'daf47a79-d8c8-4068-a9b6-e3bc18c8e725', 'jdgchvauajkuvbh',
        'dsackacbjakcaw3', 'A1002', '2024-05-26', 4, '2024-05-25 19:48:00'),
       ('ee9dd90a-1bfa-472e-b527-a6b408c4c89c1', 'daf47a79-d8c8-4068-a9b6-e3bc18c8e725', 'jdgchvauajkuvbh',
        'dsackacbjakcaw3', 'A1002', '2024-05-26', 1, '2024-05-25 20:03:00'),
       ('ee9e6d5a-d1b3-4d8f-843d-ee760b0f9be65', 'daf47a79-d8c8-4068-a9b6-e3bc18c8e725', 'jdgchvauajkuvbh',
        'dsackacbjakcaw3', 'A1002', '2024-05-26', 5, '2024-05-25 20:02:00'),
       ('ef048953-11b0-40ee-bee0-82908c658ca93', 'admin', 'jdgchvauajkuvbh', 'dsackacbjakcaw3', 'A1001', '2024-05-26',
        3, '2024-05-25 20:01:00'),
       ('ef3872f1-e37a-4d55-8ac7-51c5d50bd8583', 'admin', 'jdgchvauajkuvbh', 'dsackacbjakcaw3', 'A1001', '2024-06-11',
        3, '2024-06-10 14:19:06'),
       ('ef7621b5-f449-4b52-954b-78c7859075361', 'admin', 'jdgchvauajkuvbh', 'dsackacbjakcaw3', 'A1001', '2024-05-27',
        1, '2024-05-26 09:00:00'),
       ('ef9add36-86e7-4152-8c8a-33952968bfb02', 'daf47a79-d8c8-4068-a9b6-e3bc18c8e725', 'jdgchvauajkuvbh',
        'dsackacbjakcaw3', 'A1002', '2024-05-27', 2, '2024-05-26 09:14:00'),
       ('efac4c64-5707-4825-ba2b-65f8fe1072d54', 'admin', 'jdgchvauajkuvbh', 'dsackacbjakcaw3', 'A1001', '2024-05-26',
        4, '2024-05-25 19:48:00'),
       ('f075efa0-7f88-4dd3-a6bd-2b51bb4e7a4f4', 'daf47a79-d8c8-4068-a9b6-e3bc18c8e725', 'jdgchvauajkuvbh',
        'dsackacbjakcaw3', 'A1002', '2024-05-26', 4, '2024-05-25 20:00:00'),
       ('f0ad74f5-a19c-45d5-918b-586d1a3f32e65', 'admin', 'jdgchvauajkuvbh', 'dsackacbjakcaw3', 'A1001', '2024-05-26',
        5, '2024-05-25 19:44:00'),
       ('f0e990f8-1f9f-4794-8d56-507a820a5c182', 'daf47a79-d8c8-4068-a9b6-e3bc18c8e725', 'jdgchvauajkuvbh',
        'dsackacbjakcaw3', 'A1002', '2024-05-27', 2, '2024-05-26 09:15:00'),
       ('f0febeed-62db-4c52-a1fc-55301044a82a4', 'daf47a79-d8c8-4068-a9b6-e3bc18c8e725', 'jdgchvauajkuvbh',
        'dsackacbjakcaw3', 'A1002', '2024-05-26', 4, '2024-05-25 19:57:00'),
       ('f1643b23-ece2-4cbd-945c-a7b2d58885144', 'daf47a79-d8c8-4068-a9b6-e3bc18c8e725', 'jdgchvauajkuvbh',
        'dsackacbjakcaw3', 'A1002', '2024-05-27', 4, '2024-05-26 09:24:00'),
       ('f1687ae3-1328-4fbc-8487-a1d1ab5a6a9f0', 'daf47a79-d8c8-4068-a9b6-e3bc18c8e725', 'jdgchvauajkuvbh',
        'dsackacbjakcaw3', 'A1002', '2024-05-27', 0, '2024-05-26 09:15:00'),
       ('f2272bec-ad1e-4cc3-82d5-d13105ba62756', 'admin', 'jdgchvauajkuvbh', 'dsackacbjakcaw3', 'A1001', '2024-05-26',
        6, '2024-05-25 19:49:00'),
       ('f2550a65-a269-4cfd-a6d1-b2fd5beb9a256', 'admin', 'jdgchvauajkuvbh', 'dsackacbjakcaw3', 'A1001', '2024-05-27',
        6, '2024-05-26 09:17:00'),
       ('f2618f67-c2b4-41b1-a7f7-497751ea25d70', 'admin', 'jdgchvauajkuvbh', 'dsackacbjakcaw3', 'A1001', '2024-05-27',
        0, '2024-05-26 09:08:00'),
       ('f2dd03af-22f8-459a-a1ec-85b3fea775fc4', 'daf47a79-d8c8-4068-a9b6-e3bc18c8e725', 'jdgchvauajkuvbh',
        'dsackacbjakcaw3', 'A1002', '2024-05-27', 4, '2024-05-26 09:23:00'),
       ('f31bb758-0b34-400d-9fa5-8c96c56da1f33', 'daf47a79-d8c8-4068-a9b6-e3bc18c8e725', 'jdgchvauajkuvbh',
        'dsackacbjakcaw3', 'A1002', '2024-05-27', 3, '2024-05-26 09:08:00'),
       ('f380a78d-b347-41eb-af57-ad97ff9d81e35', 'daf47a79-d8c8-4068-a9b6-e3bc18c8e725', 'jdgchvauajkuvbh',
        'dsackacbjakcaw3', 'A1002', '2024-05-26', 5, '2024-05-25 19:51:00'),
       ('f3a07705-9fa2-4918-ae88-573a62d11e761', 'admin', 'jdgchvauajkuvbh', 'dsackacbjakcaw3', 'A1001', '2024-05-26',
        1, '2024-05-25 19:46:00'),
       ('f3b8d8a1-0469-4f4c-b8d6-2428b8803bea5', 'admin', 'jdgchvauajkuvbh', 'dsackacbjakcaw3', 'A1001', '2024-05-26',
        5, '2024-05-25 19:00:00'),
       ('f3f20197-a7d5-4740-be47-d7a878f075992', 'daf47a79-d8c8-4068-a9b6-e3bc18c8e725', 'jdgchvauajkuvbh',
        'dsackacbjakcaw3', 'A1002', '2024-05-26', 2, '2024-05-25 19:46:00'),
       ('f40c40ed-b31d-4373-93fc-f11a5e9ed6cd5', 'daf47a79-d8c8-4068-a9b6-e3bc18c8e725', 'jdgchvauajkuvbh',
        'dsackacbjakcaw3', 'A1002', '2024-05-26', 5, '2024-05-25 19:59:00'),
       ('f41efd63-87ba-4d4c-a740-470246cfc5ae0', 'admin', 'jdgchvauajkuvbh', 'dsackacbjakcaw3', 'A1001', '2024-05-26',
        0, '2024-05-25 19:31:00'),
       ('f427d4bd-0591-470a-b3d8-a671401d18340', 'admin', 'jdgchvauajkuvbh', 'dsackacbjakcaw3', 'A1001', '2024-05-27',
        0, '2024-05-26 09:10:00'),
       ('f48bb212-9a34-403f-93d6-225662c476985', 'admin', 'jdgchvauajkuvbh', 'dsackacbjakcaw3', 'A1001', '2024-05-27',
        5, '2024-05-26 09:00:00'),
       ('f4ac42ff-ba08-4eda-a07c-a1227bf25ba54', 'daf47a79-d8c8-4068-a9b6-e3bc18c8e725', 'jdgchvauajkuvbh',
        'dsackacbjakcaw3', 'A1002', '2024-05-27', 4, '2024-05-26 09:20:00'),
       ('f5088c11-b2c5-4ffe-baf2-45205065baad4', 'admin', 'jdgchvauajkuvbh', 'dsackacbjakcaw3', 'A1001', '2024-05-26',
        4, '2024-05-25 19:28:01'),
       ('f53329f7-909e-4355-af05-79ebc49338543', 'daf47a79-d8c8-4068-a9b6-e3bc18c8e725', 'jdgchvauajkuvbh',
        'dsackacbjakcaw3', 'A1002', '2024-05-27', 3, '2024-05-26 09:03:00'),
       ('f5698ad3-b8f4-4cfd-9175-2d5f9ec303ba5', 'admin', 'jdgchvauajkuvbh', 'dsackacbjakcaw3', 'A1001', '2024-05-27',
        5, '2024-05-26 09:07:00'),
       ('f5c74340-de83-42f6-9f72-28a1b69bc3975', 'daf47a79-d8c8-4068-a9b6-e3bc18c8e725', 'jdgchvauajkuvbh',
        'dsackacbjakcaw3', 'A1002', '2024-06-11', 5, '2024-06-10 17:00:00'),
       ('f697505c-9c12-4b4b-af4f-71525e54581c1', 'admin', 'jdgchvauajkuvbh', 'dsackacbjakcaw3', 'A1001', '2024-05-27',
        1, '2024-05-26 09:07:00'),
       ('f6d4557c-3290-4380-9de0-0776b93a72f05', 'daf47a79-d8c8-4068-a9b6-e3bc18c8e725', 'jdgchvauajkuvbh',
        'dsackacbjakcaw3', 'A1002', '2024-05-26', 5, '2024-05-25 19:43:00'),
       ('f6e3c478-d173-4ff4-b6a1-eb1e3c83568a6', 'admin', 'jdgchvauajkuvbh', 'dsackacbjakcaw3', 'A1001', '2024-05-27',
        6, '2024-05-26 09:07:00'),
       ('f7094db5-125d-4101-af0a-ddcbae4f95bc1', 'admin', 'jdgchvauajkuvbh', 'dsackacbjakcaw3', 'A1001', '2024-05-27',
        1, '2024-05-26 09:11:00'),
       ('f7f1990e-db8e-4452-9bda-b55ec743b8f72', 'daf47a79-d8c8-4068-a9b6-e3bc18c8e725', 'jdgchvauajkuvbh',
        'dsackacbjakcaw3', 'A1002', '2024-05-26', 2, '2024-05-25 11:40:07'),
       ('f815f05c-8dd0-4e41-94bd-63f6e2a5db174', 'daf47a79-d8c8-4068-a9b6-e3bc18c8e725', 'jdgchvauajkuvbh',
        'dsackacbjakcaw3', 'A1002', '2024-05-26', 4, '2024-05-25 19:44:00'),
       ('f889776a-669f-429e-a7de-de3be63465ce6', 'daf47a79-d8c8-4068-a9b6-e3bc18c8e725', 'jdgchvauajkuvbh',
        'dsackacbjakcaw3', 'A1002', '2024-05-27', 6, '2024-05-26 09:17:00'),
       ('f8ef5336-98d6-47b4-a19a-54afb4009df30', 'admin', 'jdgchvauajkuvbh', 'dsackacbjakcaw3', 'A1001', '2024-05-26',
        0, '2024-05-25 19:48:00'),
       ('f9068215-d85a-4e5c-b6f1-27a5fc5b44e72', 'admin', 'jdgchvauajkuvbh', 'dsackacbjakcaw3', 'A1001', '2024-06-07',
        2, '2024-06-06 21:09:18'),
       ('f90ca1af-c5db-4490-822d-a39cecbaabd32', 'daf47a79-d8c8-4068-a9b6-e3bc18c8e725', 'jdgchvauajkuvbh',
        'dsackacbjakcaw3', 'A1002', '2024-05-26', 2, '2024-05-25 19:30:00'),
       ('f92fd3f0-6c7f-44ca-94a6-84851473fd982', 'admin', 'jdgchvauajkuvbh', 'dsackacbjakcaw3', 'A1001', '2024-05-26',
        2, '2024-05-25 19:54:00'),
       ('f93a32ef-7860-47cf-9532-4bd8a345b2c82', 'daf47a79-d8c8-4068-a9b6-e3bc18c8e725', 'jdgchvauajkuvbh',
        'dsackacbjakcaw3', 'A1002', '2024-05-26', 2, '2024-05-25 20:03:00'),
       ('f9883d5f-bf2b-4621-b9dd-a5cdefe86a342', 'admin', 'jdgchvauajkuvbh', 'dsackacbjakcaw3', 'A1001', '2024-05-27',
        2, '2024-05-26 09:08:00'),
       ('fa903dfb-5910-4547-8777-1934a3f8697a5', 'daf47a79-d8c8-4068-a9b6-e3bc18c8e725', 'jdgchvauajkuvbh',
        'dsackacbjakcaw3', 'A1002', '2024-05-26', 5, '2024-05-25 19:37:00'),
       ('facdb126-8dff-43d8-a50d-8c11a5451aff3', 'admin', 'jdgchvauajkuvbh', 'dsackacbjakcaw3', 'A1001', '2024-05-26',
        3, '2024-05-25 19:48:00'),
       ('fb1a4697-a633-4635-b412-ab6c718d16e33', 'admin', 'jdgchvauajkuvbh', 'dsackacbjakcaw3', 'A1001', '2024-06-12',
        3, '2024-06-11 17:00:00'),
       ('fb7d963d-fa6b-49ff-b349-12b7ff49db7b4', 'admin', 'jdgchvauajkuvbh', 'dsackacbjakcaw3', 'A1001', '2024-05-26',
        4, '2024-05-25 19:40:00'),
       ('fb9c5db7-4e88-40e0-8953-834bf4c93f4e4', 'daf47a79-d8c8-4068-a9b6-e3bc18c8e725', 'jdgchvauajkuvbh',
        'dsackacbjakcaw3', 'A1002', '2024-05-27', 4, '2024-05-26 09:16:00'),
       ('fc53fca5-f8da-47b0-9ba0-42804ff270de2', 'admin', 'jdgchvauajkuvbh', 'dsackacbjakcaw3', 'A1001', '2024-05-26',
        2, '2024-05-25 19:29:04'),
       ('fc8f5344-98f3-4972-a0fc-232b411b8acd2', 'admin', 'jdgchvauajkuvbh', 'dsackacbjakcaw3', 'A1001', '2024-05-27',
        2, '2024-05-26 09:02:00'),
       ('fcd78567-f84f-40d7-920d-5e192309de520', 'daf47a79-d8c8-4068-a9b6-e3bc18c8e725', 'jdgchvauajkuvbh',
        'dsackacbjakcaw3', 'A1002', '2024-05-26', 0, '2024-05-25 19:43:00'),
       ('fd2bd91a-00ca-4e1f-ba67-758447d02e0e1', 'daf47a79-d8c8-4068-a9b6-e3bc18c8e725', 'jdgchvauajkuvbh',
        'dsackacbjakcaw3', 'A1002', '2024-05-26', 1, '2024-05-25 19:59:00'),
       ('fd36c2e3-4e5a-45f1-82d1-06cb949e1d006', 'admin', 'jdgchvauajkuvbh', 'dsackacbjakcaw3', 'A1001', '2024-05-26',
        6, '2024-05-25 11:36:47'),
       ('fd5bfd28-38ed-4d14-a4ea-c8d4e19f355e3', 'admin', 'jdgchvauajkuvbh', 'dsackacbjakcaw3', 'A1001', '2024-05-26',
        3, '2024-05-25 19:37:00'),
       ('fd6cd579-ea76-44e5-92c8-222c1510c8c12', 'admin', 'jdgchvauajkuvbh', 'dsackacbjakcaw3', 'A1001', '2024-05-26',
        2, '2024-05-25 11:36:40'),
       ('fd6eea50-980f-44ab-bc44-5da2c969f9ae6', 'daf47a79-d8c8-4068-a9b6-e3bc18c8e725', 'jdgchvauajkuvbh',
        'dsackacbjakcaw3', 'A1002', '2024-05-26', 6, '2024-05-25 19:46:00'),
       ('fd734d2f-be2a-42e7-b642-b174a76d07b02', 'admin', 'jdgchvauajkuvbh', 'dsackacbjakcaw3', 'A1001', '2024-05-27',
        2, '2024-05-26 09:18:00'),
       ('fdc907df-ab1d-465a-a1f3-5463aeaef0830', 'daf47a79-d8c8-4068-a9b6-e3bc18c8e725', 'jdgchvauajkuvbh',
        'dsackacbjakcaw3', 'A1002', '2024-05-27', 0, '2024-05-26 09:24:00'),
       ('fe0c4a9c-22b9-4745-a8f7-ba0887effded0', 'daf47a79-d8c8-4068-a9b6-e3bc18c8e725', 'jdgchvauajkuvbh',
        'dsackacbjakcaw3', 'A1002', '2024-05-26', 0, '2024-05-25 19:40:00'),
       ('fe1b0112-fc02-4449-8258-02b01954a7f46', 'admin', 'jdgchvauajkuvbh', 'dsackacbjakcaw3', 'A1001', '2024-05-26',
        6, '2024-05-25 20:04:00'),
       ('fe4d2af4-df58-4118-9444-365bb8bb368d3', 'admin', 'jdgchvauajkuvbh', 'dsackacbjakcaw3', 'A1001', '2024-05-27',
        3, '2024-05-26 09:24:00'),
       ('ff0fd76d-86b7-4619-b3a6-18c598c925a34', 'admin', 'jdgchvauajkuvbh', 'dsackacbjakcaw3', 'A1001', '2024-06-11',
        4, '2024-06-10 17:00:00'),
       ('ff14257e-1f2d-431b-bb1a-f454f2e89a556', 'admin', 'jdgchvauajkuvbh', 'dsackacbjakcaw3', 'A1001', '2024-05-26',
        6, '2024-05-25 20:00:00'),
       ('ff75ca7d-55f8-44dc-bf74-3b85ffaf05825', 'daf47a79-d8c8-4068-a9b6-e3bc18c8e725', 'jdgchvauajkuvbh',
        'dsackacbjakcaw3', 'A1002', '2024-05-26', 5, '2024-05-25 19:00:01'),
       ('ffc2913b-d9fb-430e-b074-d3c2982d91154', 'admin', 'jdgchvauajkuvbh', 'dsackacbjakcaw3', 'A1001', '2024-05-27',
        4, '2024-05-26 09:01:00');
/*!40000 ALTER TABLE `receive_item` ENABLE KEYS */;
UNLOCK
TABLES;

--
-- Table structure for table `school`
--

DROP TABLE IF EXISTS `school`;
/*!40101 SET @saved_cs_client     = @@character_set_client */;
/*!50503 SET character_set_client = utf8mb4 */;
CREATE TABLE `school`
(
    `school_id`  varchar(100) NOT NULL COMMENT 'id',
    `name`       varchar(40)  DEFAULT NULL COMMENT '名称',
    `descs`      varchar(500) DEFAULT NULL COMMENT '简介',
    `icon`       varchar(500) DEFAULT NULL COMMENT '图标',
    `background` varchar(500) DEFAULT NULL COMMENT '背景',
    PRIMARY KEY (`school_id`)
) ENGINE=InnoDB DEFAULT CHARSET=utf8mb4 COLLATE=utf8mb4_0900_ai_ci;
/*!40101 SET character_set_client = @saved_cs_client */;

--
-- Dumping data for table `school`
--

LOCK
TABLES `school` WRITE;
/*!40000 ALTER TABLE `school` DISABLE KEYS */;
INSERT INTO `school`
VALUES ('1', '土木工程学院',
        '土木工程学院是家里蹲大学主干学院之一。通过多年的建设，学院已发展成为师资力量雄厚、教学成果突出、学科建设成绩显著、科研水平先进的教学科研实体，土木工程学科在全国各轮学科评估中均名列前茅。学院先后获评全国教育系统先进集体、全国教科文卫体系统模范职工小家等荣誉。\n学院现有教职工198人，专任教师170余人，其中教授42人、副教授47人，博导33人、硕导118人，博士学位教师130余人。拥有国家级教学团队、全国黄大年式教师团队、教育部科技创新团队、湖南省自然科学基金创新研究群体、湖南省高校科技创新团队；拥有国家“973计划”项目首席科学家、国家特聘专家、国家教学名师、国家“四青”学者、“百千万人才工程”国家级人选、全国师德标兵、全国优秀科技工作者、国务院特殊政府津贴专家等国家级人才18人次；拥有教育部新世纪优秀人才、交通运输行业中青年科技创新领军人才、湖南省科技领军人才等省部级人才50余人次。\n学院设桥梁工程、建筑工程、岩土与隧道工程、工程力学、智能建造和实验中心6个教学系（中心）。开设土木工程、工程力学、智能建造、城市地下空间工程4个本科专业，其中土木工程入选国家一流本科专业、国家级特色',
        'https://www.bing.com/th/id/OIP.8FqazT591Q_JQaeQgV33pQAAAA?w=154&h=180&c=7&r=0&o=5&dpr=2&pid=1.7',
        'https://th.bing.com/th/id/R.689bbe30da3b9fb700f25228b8223329?rik=FWyfHGP27uuL8Q&riu=http%3a%2f%2fwww.chinapower.org.cn%2fpublic%2fimages%2f68%2f9bbe30da3b9fb700f25228b8223329.jpg&ehk=1iJW2mb%2fF5e5ohG0TvbnHede107AmOk60DK7hb2mH%2fU%3d&risl=&pid=ImgRaw&r=0'),
       ('2', '电气与信息工程学院',
        '电气与信息工程学院是学校的主干学院和国家电力行业人才培养的传统基地之一，始建于1956年长沙水力发电学校的发配电专业，历经湖南省电力学校电力科、长沙水利电力师范学院电力系、长沙电力学院电力工程系。2003年，融合原长沙交通学院、湖南轻工业高等专科学校自动化专业等办学力量建制成立电气与信息工程学院。\n学院现有专任教师140余人，其中教授26人、副高职称54人，具有博士学位教师101人，海外留（访）学教师57人；有双聘院士1人，“长江学者奖励计划”特聘教授、杰青等国家级人才工程人选8人,湖南省“芙蓉学者”特聘教授等省部级人才工程人选18人、家里蹲大学“湖湘学者”特聘教授19人。拥有全国高校首批黄大年式教师团队——“智能电网协同创新育人教师团队”，湖南省科技创新团队——“新能源电力系统安全监控创新团队”，湖南省优秀研究生导师团队——“智能电网故障监控研究生导师团队”。\n学院拥有从本科至博士后科研流动站的完整人才培养体系。现有电气工程一级学科博士学位授权点、博士后科研流动站和交通信息工程及控制二级学科博士学位授权点；有控制科学与工程一级学科硕士学位授权点；有交通信息工程及控制、电路与系统2个',
        'https://www.bing.com/th/id/OIP.8FqazT591Q_JQaeQgV33pQAAAA?w=154&h=180&c=7&r=0&o=5&dpr=2&pid=1.7',
        'https://th.bing.com/th/id/R.689bbe30da3b9fb700f25228b8223329?rik=FWyfHGP27uuL8Q&riu=http%3a%2f%2fwww.chinapower.org.cn%2fpublic%2fimages%2f68%2f9bbe30da3b9fb700f25228b8223329.jpg&ehk=1iJW2mb%2fF5e5ohG0TvbnHede107AmOk60DK7hb2mH%2fU%3d&risl=&pid=ImgRaw&r=0'),
       ('3', '交通运输工程学院',
        '家里蹲大学交通运输工程学院是学校服务交通行业的主体学院，其前身可追溯到1956年创校伊始开办公路工程专业，是学校最早拥有中国工程院院士和国家级教学科研平台的单位，也是学校首个拥有一级学科博士学位授权点、博士后科研流动站单位。经过60多年的发展建设，学院已成为我国公路交通领域科学研究与人才培养的重要基地。\n学院现有教职员工211人，其中，专任教师186人，教授37人，副教授71人，博士生导师40人。拥有院士1名、国家杰青长江万人4名、国家青长/青千/博新人才6名、国家教学名师2名、全国优秀教师3名、国家有突出贡献中青年专家2名、全国优秀科技工作者2名、国务院政府特殊津贴专家7名；拥有省部级优秀人才32名。拥有“现代交通基础设施智慧建养与运维”全国高校黄大年式教师团队和“道路工程耐久性新技术”教育部创新团队，构建了“院士+国家级人才+省部级人才+优秀青年博士”的人才梯队。\n学院现有在校全日制本科生2852人，开设有道路桥梁与渡河工程、交通运输、交通工程、物流工程、工程管理、测绘工程、遥感科学与技术7个本科专业，除遥感科学与技术专业在2022开办以外，其余6个专业均为国家一流专业建设点，交',
        'https://www.bing.com/th/id/OIP.8FqazT591Q_JQaeQgV33pQAAAA?w=154&h=180&c=7&r=0&o=5&dpr=2&pid=1.7',
        'https://th.bing.com/th/id/R.689bbe30da3b9fb700f25228b8223329?rik=FWyfHGP27uuL8Q&riu=http%3a%2f%2fwww.chinapower.org.cn%2fpublic%2fimages%2f68%2f9bbe30da3b9fb700f25228b8223329.jpg&ehk=1iJW2mb%2fF5e5ohG0TvbnHede107AmOk60DK7hb2mH%2fU%3d&risl=&pid=ImgRaw&r=0'),
       ('4', '法学院',
        '家里蹲大学法学院的本科法学教育始于2000年。家里蹲大学法学教育的组织机构历经家里蹲大学政治与行政学院法学系（2003年）、法学院（2006）、文法学院（马克思主义学院）法学系（2008年）、文法学院法学系（2011年）、法学系（独立设置的学校二级单位，2019年）、法学院（2021年）等发展阶段。法学院发展至今，在人才培养、专业建设、学科发展、科学研究、师资队伍建设等方面取得了显著成绩。\n法学院形成了较为完整并颇具特色的学科和专业体系。法学院现有一个本科专业和一个法学第二学士学位专业。法学本科专业招生始于2000年，2007年列入本科一批招生；2010年，法学专业依托学校工程学科优势以及社会建设发展需求，开设工程法学和社会法学两个专业方向；2011年在马克思主义理论一级学科硕士点内开设马克思主义法理学方向，开始培养法学硕士研究生；2014年获得法律硕士专业学位授权点开始培养法律硕士。法律硕士授权点依托学校在交通、电力、水利、土木建筑等行业的学科优势和行业资源，以社会需求为导向，开设工程法、社会法专业方向，以满足社会对专门法律人才的需求。2015年，法学专业被列为学校重点建设专业',
        'https://www.bing.com/th/id/OIP.8FqazT591Q_JQaeQgV33pQAAAA?w=154&h=180&c=7&r=0&o=5&dpr=2&pid=1.7',
        'https://th.bing.com/th/id/R.689bbe30da3b9fb700f25228b8223329?rik=FWyfHGP27uuL8Q&riu=http%3a%2f%2fwww.chinapower.org.cn%2fpublic%2fimages%2f68%2f9bbe30da3b9fb700f25228b8223329.jpg&ehk=1iJW2mb%2fF5e5ohG0TvbnHede107AmOk60DK7hb2mH%2fU%3d&risl=&pid=ImgRaw&r=0'),
       ('schoolId', '家里蹲大学',
        '家里蹲大学是一所以工为主，工、理、管、经、文、法、哲、艺、交叉等多学科协调发展，以本科、研究生教育为主体，具有博士后科研流动站、博士学位授予权和硕士生推免权的多科性大学。学校是全国先进基层党组织、国家“中西部高校基础能力建设工程”高校、首批全国“创新创业典型经验高校”50强、湖南省“国内一流大学建设高校”（A类）、湖南省文明标兵单位、湖南省依法治校示范学校。\n学校现有金盆岭、云塘两个校区，设22个教学院，以及1个独立学院、1个继续教育学院，现有在校生48000余人（含城南学院7000余人），其中硕士、博士研究生9000余人。自建校以来，为交通、电力、水利、轻工等行业和区域经济社会发展培养了50余万高级专门人才，毕业生就业质量和就业率多年连续保持全省高校前列。经过60多年的建设和发展',
        'https://bkimg.cdn.bcebos.com/pic/3c6d55fbb2fb43163d37add525a4462309f7d371?x-bce-process=image/resize,m_lfit,w_536,limit_1',
        '/img/schoolbg.jpeg');
/*!40000 ALTER TABLE `school` ENABLE KEYS */;
UNLOCK
TABLES;

--
-- Table structure for table `school_notification`
--

DROP TABLE IF EXISTS `school_notification`;
/*!40101 SET @saved_cs_client     = @@character_set_client */;
/*!50503 SET character_set_client = utf8mb4 */;
CREATE TABLE `school_notification`
(
    `notification_id` varchar(50) NOT NULL COMMENT 'id',
    `school_id`       varchar(100)  DEFAULT NULL COMMENT '学校id',
    `user_id`         varchar(100)  DEFAULT NULL COMMENT '用户id',
    `title`           varchar(50)   DEFAULT NULL COMMENT '标题',
    `context`         varchar(2000) DEFAULT NULL COMMENT '内容',
    `view`            int           DEFAULT NULL COMMENT '浏览量',
    `date`            datetime      DEFAULT NULL COMMENT '发布日期',
    PRIMARY KEY (`notification_id`)
) ENGINE=InnoDB DEFAULT CHARSET=utf8mb4 COLLATE=utf8mb4_0900_ai_ci;
/*!40101 SET character_set_client = @saved_cs_client */;

--
-- Dumping data for table `school_notification`
--

LOCK
TABLES `school_notification` WRITE;
/*!40000 ALTER TABLE `school_notification` DISABLE KEYS */;
INSERT INTO `school_notification`
VALUES ('08985090-6041-40f1-9aac-24411bb34e8e', 'schoolId', 'daf47a79-d8c8-4068-a9b6-e3bc18c8e725', '五一放假', '123',
        0, '2024-05-26 09:05:42'),
       ('1e387903-3a7d-402f-9212-a0fe9714470d', 'schoolId', 'daf47a79-d8c8-4068-a9b6-e3bc18c8e725', '玩会吧别学了',
        '10', 1, '2024-05-20 14:22:02'),
       ('20d33ca3-c78d-4de8-8fa9-8944a90edb0c', 'schoolId', 'daf47a79-d8c8-4068-a9b6-e3bc18c8e725', '玩会吧别学了', '6',
        1, '2024-05-20 14:18:32'),
       ('3d7dc275-aa34-4d6d-9b2e-f7d444e10f05', 'schoolId', 'daf47a79-d8c8-4068-a9b6-e3bc18c8e725', '玩会吧别学了', '3',
        1, '2024-05-20 14:00:34'),
       ('4605ae0e-b52a-4b60-8ac1-cf2107f499df', 'schoolId', 'daf47a79-d8c8-4068-a9b6-e3bc18c8e725', '玩会吧别学了', '2',
        1, '2024-05-20 13:57:59'),
       ('50ca4b3e-91f8-4528-b37f-3a6ddea6fba3', 'schoolId', 'daf47a79-d8c8-4068-a9b6-e3bc18c8e725', '玩会吧别学了',
        '111', 1, '2024-05-20 14:30:55'),
       ('706a6acc-25b0-4f70-930a-4761a8710e15', 'schoolId', 'daf47a79-d8c8-4068-a9b6-e3bc18c8e725', '玩会吧别学了', '8',
        1, '2024-05-20 14:21:50'),
       ('76e17aca-db44-4e63-8626-9980f5a4c342', 'schoolId', 'daf47a79-d8c8-4068-a9b6-e3bc18c8e725', '玩会吧别学了',
        '11', 1, '2024-05-20 14:22:06'),
       ('8baae3be-51be-4f7b-b6b9-5190507fc1dc', 'schoolId', 'daf47a79-d8c8-4068-a9b6-e3bc18c8e725', '玩会吧别学了', '9',
        1, '2024-05-20 14:21:54'),
       ('8e7aba0b-16d1-40b7-8add-2f736e41d78f', 'schoolId', 'daf47a79-d8c8-4068-a9b6-e3bc18c8e725', '玩会吧别学了',
        '123', 1, '2024-05-20 14:30:30'),
       ('b98c0f1d-30b8-48a9-a42f-15cfef102ac8', 'schoolId', 'daf47a79-d8c8-4068-a9b6-e3bc18c8e725', '玩会吧别学了', '4',
        1, '2024-05-20 14:13:17'),
       ('c0a8bf72-4253-40ad-ae33-81aafef6e5b1', 'schoolId', 'daf47a79-d8c8-4068-a9b6-e3bc18c8e725', '玩会吧别学了', '5',
        1, '2024-05-20 14:18:17'),
       ('c13e8962-47ed-4b9d-bac0-be5f23c21355', 'schoolId', 'daf47a79-d8c8-4068-a9b6-e3bc18c8e725', '玩会吧别学了', '7',
        1, '2024-05-20 14:21:46'),
       ('c4bec15a-2774-4a49-bcf4-2461e1b4eda1', 'schoolId', 'daf47a79-d8c8-4068-a9b6-e3bc18c8e725', '玩会吧别学了', '1',
        1, '2024-05-20 13:57:52'),
       ('ee455150-028f-4ac9-937d-574eb2fbeb94', 'schoolId', 'daf47a79-d8c8-4068-a9b6-e3bc18c8e725', '玩会吧别学了', '1',
        1, '2024-05-20 13:55:44'),
       ('kdjabcdakabedcvd', 'schoolId', 'admin', '关于寒假闭馆通知',
        '劳动节放假通知，本馆将于10.1正式放假5天，放假时间为10.1-10.5，10.6正常开馆。', 0, '2022-09-10 10:00:00');
/*!40000 ALTER TABLE `school_notification` ENABLE KEYS */;
UNLOCK
TABLES;

--
-- Table structure for table `school_rule`
--

DROP TABLE IF EXISTS `school_rule`;
/*!40101 SET @saved_cs_client     = @@character_set_client */;
/*!50503 SET character_set_client = utf8mb4 */;
CREATE TABLE `school_rule`
(
    `school_id` varchar(100) NOT NULL COMMENT '学校id',
    `context`   text COMMENT '内容',
    PRIMARY KEY (`school_id`)
) ENGINE=InnoDB DEFAULT CHARSET=utf8mb4 COLLATE=utf8mb4_0900_ai_ci;
/*!40101 SET character_set_client = @saved_cs_client */;

--
-- Dumping data for table `school_rule`
--

LOCK
TABLES `school_rule` WRITE;
/*!40000 ALTER TABLE `school_rule` DISABLE KEYS */;
INSERT INTO `school_rule`
VALUES ('schoolId',
        '1、每天7：00开始，读者可以预约当日或次日的座位，预约成功后读者可以使用该座位至当日闭馆。预约系统登录用户名为学号/工号，密码为公共数据库密码。\n2、读者可通过以下三种方式预约并使用当日座位\n(1)8：00之前预约当日座位，并在8：30之前通过门禁闸机刷卡入馆，系统即可自动完成签到。\n(2)当日其他开放时段，在馆外通过网络预约当日座位，并在预约成功后30分钟内前往图书馆通过门禁闸机刷卡入馆，系统即可自动完成签到。\n(3)通过图书馆门禁闸机刷卡入馆，再通过网络或现场预约机预约当日座位，预约成功后即自动完成签到。\n3、预约次日座位的读者，需在次日8：30前通过门禁闸机刷卡入馆(系统自动完成签到)。\n4、取消预约：读者预约次日座位后，可在次日7：00之前取消预约(不限次数)。预约当日座位后，限每天取消1次。具体操作：点击我的中心--我的预约--取消预约。\n5、“未签到”违规：预约成功后未在第2、第3条规定时间内签到，也未在第4条规定时间内取消预约的读者将被记“未签到”违规1次。\n6、临时离开：在选座机上刷卡或从网页或从微信端选择“临时离开”，座位将保留60分钟(中午10:30-13:00和下午16:30-19:00期间离开分别保留120分钟和90分钟，从离开时间起算)。已选择“临时离开”的读者在保留时间内返回时，通过门禁闸机入馆即自动完成签到。若选择了“临时离开”，但实际又没离馆，也需在规定时间内在选座机上刷卡或通过网页端操作完成签到。读者未在保留时间内返回签到，系统将自动释放座位供他人选用，并记“临时离开超时”违规1次。\n7、离馆：读者每次离馆(含临时离馆)均需刷卡从门禁闸机出馆，否则将被记“离开未刷卡”违规。读者未选择“临时离开”，通过门禁闸机出馆时，座位将自动释放。\n8、没有公共数据库账号的读者(校友等)，不能通过网上提前预约座位，请入馆后在现场选座机上选择预约座位。\n9、请读者自觉维护馆内秩序，勿随意移动桌椅，个人物品请自行妥善保管。每天闭馆时，请带走所有个人物品(长期存包箱内物品除外)。如被清理，产生的损失由读者本人自负。');
/*!40000 ALTER TABLE `school_rule` ENABLE KEYS */;
UNLOCK
TABLES;

--
-- Table structure for table `user`
--

DROP TABLE IF EXISTS `user`;
/*!40101 SET @saved_cs_client     = @@character_set_client */;
/*!50503 SET character_set_client = utf8mb4 */;
CREATE TABLE `user`
(
    `user_id`   varchar(100) NOT NULL COMMENT 'id',
    `phone_num` varchar(20)  DEFAULT NULL COMMENT '电话',
    `email`     varchar(200) DEFAULT NULL COMMENT '邮件',
    `pwd`       varchar(30)  DEFAULT NULL COMMENT '密码',
    `openid`    varchar(100) DEFAULT NULL COMMENT '微信id',
    PRIMARY KEY (`user_id`),
    UNIQUE KEY `openid` (`openid`)
) ENGINE=InnoDB DEFAULT CHARSET=utf8mb4 COLLATE=utf8mb4_0900_ai_ci;
/*!40101 SET character_set_client = @saved_cs_client */;

--
-- Dumping data for table `user`
--

LOCK
TABLES `user` WRITE;
/*!40000 ALTER TABLE `user` DISABLE KEYS */;
INSERT INTO `user`
VALUES ('4b273ac1-b2bf-4efc-9f7c-29012376e855', NULL, '1542651212@qq.com', NULL, NULL),
       ('603ca609-487b-47af-bc20-2db8498d90b8', NULL, '123213@qq.com', NULL, NULL),
       ('9c5f6f6b-ab51-43c1-9d63-5569bfbb94e4', NULL, '12312312312@qq.com', NULL, NULL),
       ('a91decad-d762-4098-ae68-a058eea3b823', NULL, '12312312@qq.com', NULL, NULL),
       ('admin', '1', 'aseda@163.com', NULL, NULL),
       ('b6f29724-fdcd-48c5-94e4-a99c55efb4ff', NULL, '123@qq.com', NULL, NULL),
       ('c97ec857-8489-4b72-9d34-ba1247d02b55', NULL, '2333@qq.com', NULL, NULL),
       ('daf47a79-d8c8-4068-a9b6-e3bc18c8e725', NULL, '123123@qq.com', NULL, NULL),
       ('e238fe10-cd9c-4196-9b42-8db2722a69d5', NULL, '12312@qq.com', NULL, NULL),
       ('e74ba920-f5e8-45bf-a744-a826b48e9b82', NULL, '12312322@qq.com', NULL, NULL),
       ('test', '1', 'asedrfa@icloud.com', NULL, NULL);
/*!40000 ALTER TABLE `user` ENABLE KEYS */;
UNLOCK
TABLES;

--
-- Table structure for table `user_credit`
--

DROP TABLE IF EXISTS `user_credit`;
/*!40101 SET @saved_cs_client     = @@character_set_client */;
/*!50503 SET character_set_client = utf8mb4 */;
CREATE TABLE `user_credit`
(
    `id`          varchar(100) NOT NULL COMMENT '信用记录id',
    `user_id`     varchar(100) DEFAULT NULL COMMENT 'userId',
    `user_credit` smallint     DEFAULT NULL COMMENT '信用条目',
    `description` varchar(200) DEFAULT NULL COMMENT '备注',
    PRIMARY KEY (`id`)
) ENGINE=InnoDB DEFAULT CHARSET=utf8mb4 COLLATE=utf8mb4_0900_ai_ci;
/*!40101 SET character_set_client = @saved_cs_client */;

--
-- Dumping data for table `user_credit`
--

LOCK
TABLES `user_credit` WRITE;
/*!40000 ALTER TABLE `user_credit` DISABLE KEYS */;
/*!40000 ALTER TABLE `user_credit` ENABLE KEYS */;
UNLOCK
TABLES;

--
-- Table structure for table `user_info`
--

DROP TABLE IF EXISTS `user_info`;
/*!40101 SET @saved_cs_client     = @@character_set_client */;
/*!50503 SET character_set_client = utf8mb4 */;
CREATE TABLE `user_info`
(
    `user_id`     varchar(100) NOT NULL COMMENT 'id',
    `openid`      varchar(50)  DEFAULT NULL COMMENT '微信id',
    `session_key` varchar(50)  DEFAULT NULL COMMENT '会话密钥',
    `avatar_url`  varchar(500) DEFAULT 'https://thirdwx.qlogo.cn/mmopen/vi_32/POgEwh4mIHO4nibH0KlMECNjjGxQUq24ZEaGT4poC6icRiccVGKSyXwibcPq4BWmiaIGuG1icwxaQX6grC9VemZoJ8rg/132' COMMENT '头像',
    `city`        varchar(60)  DEFAULT '重庆' COMMENT '城市',
    `province`    varchar(60)  DEFAULT '重庆' COMMENT '省份',
    `country`     varchar(60)  DEFAULT '中国' COMMENT '国家',
    `gender`      varchar(5)   DEFAULT NULL COMMENT '性别',
    `language`    varchar(20)  DEFAULT NULL COMMENT '语言',
    `nick_name`   varchar(50)  DEFAULT '用户' COMMENT '用户昵称',
    `real_name`   varchar(50)  DEFAULT NULL COMMENT '真实姓名',
    `age`         smallint     DEFAULT NULL COMMENT '年龄',
    `stu_id`      int          DEFAULT NULL COMMENT '学生id',
    `background`  varchar(500) DEFAULT 'http://img.pconline.com.cn/images/upload/upc/tx/photoblog/1010/13/c6/5494373_5494373_1286955435968.jpg' COMMENT '背景',
    PRIMARY KEY (`user_id`),
    UNIQUE KEY `openid` (`openid`)
) ENGINE=InnoDB DEFAULT CHARSET=utf8mb4 COLLATE=utf8mb4_0900_ai_ci;
/*!40101 SET character_set_client = @saved_cs_client */;

--
-- Dumping data for table `user_info`
--

LOCK
TABLES `user_info` WRITE;
/*!40000 ALTER TABLE `user_info` DISABLE KEYS */;
INSERT INTO `user_info`
VALUES ('36f63792-3967-49c7-b617-26d5d584c6e8', NULL, NULL,
        'https://img1.baidu.com/it/u=1047817807,648960205&fm=253&fmt=auto&app=138&f=JPEG?w=500&h=500', NULL, NULL, NULL,
        NULL, NULL, 'asdadas', NULL, 0, NULL, NULL),
       ('375bfe9f-0602-4de3-a45c-60b188869f49', NULL, NULL,
        'https://img1.baidu.com/it/u=1047817807,648960205&fm=253&fmt=auto&app=138&f=JPEG?w=500&h=500', NULL, NULL, NULL,
        NULL, NULL, '1542651213@qq.com', NULL, 0, NULL, NULL),
       ('4b273ac1-b2bf-4efc-9f7c-29012376e855', NULL, NULL,
        'https://img1.baidu.com/it/u=1047817807,648960205&fm=253&fmt=auto&app=138&f=JPEG?w=500&h=500', NULL, NULL, NULL,
        NULL, NULL, 'a', NULL, 0, NULL, NULL),
       ('603ca609-487b-47af-bc20-2db8498d90b8', NULL, NULL,
        'http://tmp/CXuBUeaDa0k6e59bc4e358ee619593c7f805d10aaac1.jpeg', NULL, NULL, NULL, NULL, NULL, 'jj', NULL, 0,
        NULL, NULL),
       ('9c5f6f6b-ab51-43c1-9d63-5569bfbb94e4', NULL, NULL,
        'https://img1.baidu.com/it/u=1047817807,648960205&fm=253&fmt=auto&app=138&f=JPEG?w=500&h=500', NULL, NULL, NULL,
        NULL, NULL, 'aaa', NULL, 0, NULL, NULL),
       ('a91decad-d762-4098-ae68-a058eea3b823', NULL, NULL,
        'https://img1.baidu.com/it/u=1047817807,648960205&fm=253&fmt=auto&app=138&f=JPEG?w=500&h=500', NULL, NULL, NULL,
        NULL, NULL, 'asdadas', NULL, 0, NULL, NULL),
       ('admin', NULL, NULL,
        'https://img1.baidu.com/it/u=1047817807,648960205&fm=253&fmt=auto&app=138&f=JPEG?w=500&h=500', '重庆', '重庆',
        '中国', '男', NULL, 'Leeson', NULL, 23, NULL,
        'http://img.pconline.com.cn/images/upload/upc/tx/photoblog/1010/13/c6/5494373_5494373_1286955435968.jpg'),
       ('b6f29724-fdcd-48c5-94e4-a99c55efb4ff', NULL, NULL,
        'https://img1.baidu.com/it/u=1047817807,648960205&fm=253&fmt=auto&app=138&f=JPEG?w=500&h=500', NULL, NULL, NULL,
        NULL, NULL, '123@qq.com', NULL, 0, NULL, NULL),
       ('c2c9dbea-c8e8-449e-9ad3-f91bdecd5017', NULL, NULL,
        'https://img1.baidu.com/it/u=1047817807,648960205&fm=253&fmt=auto&app=138&f=JPEG?w=500&h=500', NULL, NULL, NULL,
        NULL, NULL, '啊实打实', NULL, 0, NULL, NULL),
       ('c97ec857-8489-4b72-9d34-ba1247d02b55', NULL, NULL,
        'https://img1.baidu.com/it/u=1047817807,648960205&fm=253&fmt=auto&app=138&f=JPEG?w=500&h=500', NULL, NULL,
        '计算机学院', '男', NULL, '阳光', NULL, 0, NULL, NULL),
       ('cb74a700-a6ae-40b8-88b6-fdb96ad9753c', NULL, NULL,
        'https://img1.baidu.com/it/u=1047817807,648960205&fm=253&fmt=auto&app=138&f=JPEG?w=500&h=500', NULL, NULL, NULL,
        NULL, NULL, '1231223@qq.com', NULL, 0, NULL, NULL),
       ('d2403f99-5315-4bc0-b1a0-9c78f49d7d58', NULL, NULL,
        'https://img1.baidu.com/it/u=1047817807,648960205&fm=253&fmt=auto&app=138&f=JPEG?w=500&h=500', NULL, NULL, NULL,
        NULL, NULL, 'asdsad', NULL, 0, NULL, NULL),
       ('d40e8574-f865-48e5-8fb6-bdc3e8725e8d', NULL, NULL,
        'https://img1.baidu.com/it/u=1047817807,648960205&fm=253&fmt=auto&app=138&f=JPEG?w=500&h=500', NULL, NULL,
        'aaa', '难', NULL, '213', NULL, 0, NULL, NULL),
       ('daf47a79-d8c8-4068-a9b6-e3bc18c8e725', NULL, NULL,
        'https://img1.baidu.com/it/u=1047817807,648960205&fm=253&fmt=auto&app=138&f=JPEG?w=500&h=500', NULL, NULL,
        '计算机', '难', NULL, '玩会吧别学了', NULL, 0, NULL, NULL),
       ('e238fe10-cd9c-4196-9b42-8db2722a69d5', NULL, NULL,
        'https://img1.baidu.com/it/u=1047817807,648960205&fm=253&fmt=auto&app=138&f=JPEG?w=500&h=500', NULL, NULL, NULL,
        NULL, NULL, 'aaa', NULL, 0, NULL, NULL),
       ('e74ba920-f5e8-45bf-a744-a826b48e9b82', NULL, NULL, '/img/headicon.webp', NULL, NULL, NULL, NULL, NULL,
        '12312322@qq.com', NULL, 0, NULL, NULL),
       ('e7712c1d-faaa-4d6a-b3d5-9d2c083051e1', NULL, NULL,
        'https://img1.baidu.com/it/u=1047817807,648960205&fm=253&fmt=auto&app=138&f=JPEG?w=500&h=500', NULL, NULL, NULL,
        NULL, NULL, '123123123@qq.com', NULL, 0, NULL, NULL),
       ('f594453d-81e9-42fd-96ec-c9e50a1acb2e', NULL, NULL,
        'https://img1.baidu.com/it/u=1047817807,648960205&fm=253&fmt=auto&app=138&f=JPEG?w=500&h=500', NULL, NULL, NULL,
        NULL, NULL, '123121@qq.com', NULL, 0, NULL, NULL),
       ('test', NULL, NULL,
        'https://img1.baidu.com/it/u=1047817807,648960205&fm=253&fmt=auto&app=138&f=JPEG?w=500&h=500', '重庆', '重庆',
        '中国', '男', NULL, 'Leeson', NULL, 23, NULL,
        'http://img.pconline.com.cn/images/upload/upc/tx/photoblog/1010/13/c6/5494373_5494373_1286955435968.jpg');
/*!40000 ALTER TABLE `user_info` ENABLE KEYS */;
UNLOCK
TABLES;

--
-- Table structure for table `user_learned`
--

DROP TABLE IF EXISTS `user_learned`;
/*!40101 SET @saved_cs_client     = @@character_set_client */;
/*!50503 SET character_set_client = utf8mb4 */;
CREATE TABLE `user_learned`
(
    `id`         varchar(100) NOT NULL COMMENT '用户的单日记录',
    `user_id`    varchar(100) DEFAULT NULL COMMENT 'userId',
    `date`       datetime     DEFAULT NULL COMMENT '日期',
    `begin_time` datetime     DEFAULT NULL COMMENT '开始时间',
    `end_time`   datetime     DEFAULT NULL COMMENT '结束时间',
    `learn_time` int          DEFAULT NULL COMMENT '今日的时长',
    PRIMARY KEY (`id`)
) ENGINE=InnoDB DEFAULT CHARSET=utf8mb4 COLLATE=utf8mb4_0900_ai_ci;
/*!40101 SET character_set_client = @saved_cs_client */;

--
-- Dumping data for table `user_learned`
--

LOCK
TABLES `user_learned` WRITE;
/*!40000 ALTER TABLE `user_learned` DISABLE KEYS */;
/*!40000 ALTER TABLE `user_learned` ENABLE KEYS */;
UNLOCK
TABLES;

--
-- Table structure for table `user_online`
--

DROP TABLE IF EXISTS `user_online`;
/*!40101 SET @saved_cs_client     = @@character_set_client */;
/*!50503 SET character_set_client = utf8mb4 */;
CREATE TABLE `user_online`
(
    `user_id` varchar(100) NOT NULL COMMENT 'id',
    `online`  int      DEFAULT NULL COMMENT '在座状态',
    `date`    datetime DEFAULT NULL COMMENT '开始就坐时间',
    PRIMARY KEY (`user_id`)
) ENGINE=InnoDB DEFAULT CHARSET=utf8mb4 COLLATE=utf8mb4_0900_ai_ci;
/*!40101 SET character_set_client = @saved_cs_client */;

--
-- Dumping data for table `user_online`
--

LOCK
TABLES `user_online` WRITE;
/*!40000 ALTER TABLE `user_online` DISABLE KEYS */;
INSERT INTO `user_online`
VALUES ('36f63792-3967-49c7-b617-26d5d584c6e8', 0, '2024-05-12 08:46:08'),
       ('4b273ac1-b2bf-4efc-9f7c-29012376e855', 0, '2024-05-18 08:45:19'),
       ('603ca609-487b-47af-bc20-2db8498d90b8', 0, '2024-06-06 15:08:49'),
       ('9c5f6f6b-ab51-43c1-9d63-5569bfbb94e4', 0, '2024-05-12 22:02:29'),
       ('a91decad-d762-4098-ae68-a058eea3b823', 0, '2024-05-15 09:41:35'),
       ('admin', 1, '2024-05-07 21:24:02'),
       ('c2c9dbea-c8e8-449e-9ad3-f91bdecd5017', 0, '2024-05-14 10:55:13'),
       ('c97ec857-8489-4b72-9d34-ba1247d02b55', 1, '2024-05-12 10:37:43'),
       ('d2403f99-5315-4bc0-b1a0-9c78f49d7d58', 0, '2024-05-13 08:49:27'),
       ('d40e8574-f865-48e5-8fb6-bdc3e8725e8d', 1, '2024-05-25 11:21:26'),
       ('daf47a79-d8c8-4068-a9b6-e3bc18c8e725', 1, '2024-05-14 19:09:48'),
       ('e238fe10-cd9c-4196-9b42-8db2722a69d5', 0, '2024-05-08 10:18:59');
/*!40000 ALTER TABLE `user_online` ENABLE KEYS */;
UNLOCK
TABLES;

--
-- Table structure for table `user_record`
--

DROP TABLE IF EXISTS `user_record`;
/*!40101 SET @saved_cs_client     = @@character_set_client */;
/*!50503 SET character_set_client = utf8mb4 */;
CREATE TABLE `user_record`
(
    `user_id`    varchar(100) NOT NULL COMMENT 'userId',
    `credit`     smallint DEFAULT '100' COMMENT '信用',
    `max_time`   smallint DEFAULT '0' COMMENT '单日最长时间',
    `all_time`   smallint DEFAULT '0' COMMENT '总时间',
    `day_rank`   smallint DEFAULT '0' COMMENT '单日排名',
    `week_rank`  smallint DEFAULT '0' COMMENT '周排名',
    `month_rank` smallint DEFAULT '0' COMMENT '月排名',
    `all_rank`   smallint DEFAULT '0' COMMENT '总排名',
    PRIMARY KEY (`user_id`)
) ENGINE=InnoDB DEFAULT CHARSET=utf8mb4 COLLATE=utf8mb4_0900_ai_ci;
/*!40101 SET character_set_client = @saved_cs_client */;

--
-- Dumping data for table `user_record`
--

LOCK
TABLES `user_record` WRITE;
/*!40000 ALTER TABLE `user_record` DISABLE KEYS */;
INSERT INTO `user_record`
VALUES ('36f63792-3967-49c7-b617-26d5d584c6e8', 100, 0, 0, 0, 0, 0, 0),
       ('375bfe9f-0602-4de3-a45c-60b188869f49', 100, 0, 0, 0, 0, 0, 0),
       ('4b273ac1-b2bf-4efc-9f7c-29012376e855', 100, 0, 0, 0, 0, 0, 0),
       ('603ca609-487b-47af-bc20-2db8498d90b8', 100, 0, 0, 0, 0, 0, 0),
       ('9c5f6f6b-ab51-43c1-9d63-5569bfbb94e4', 100, 0, 0, 0, 0, 0, 0),
       ('a91decad-d762-4098-ae68-a058eea3b823', 100, 0, 0, 0, 0, 0, 0),
       ('b6f29724-fdcd-48c5-94e4-a99c55efb4ff', 100, 0, 0, 0, 0, 0, 0),
       ('c2c9dbea-c8e8-449e-9ad3-f91bdecd5017', 100, 0, 0, 0, 0, 0, 0),
       ('c97ec857-8489-4b72-9d34-ba1247d02b55', 100, 0, 0, 0, 0, 0, 0),
       ('cb74a700-a6ae-40b8-88b6-fdb96ad9753c', 100, 0, 0, 0, 0, 0, 0),
       ('d2403f99-5315-4bc0-b1a0-9c78f49d7d58', 100, 0, 0, 0, 0, 0, 0),
       ('d40e8574-f865-48e5-8fb6-bdc3e8725e8d', 100, 0, 0, 0, 0, 0, 0),
       ('daf47a79-d8c8-4068-a9b6-e3bc18c8e725', 100, 0, 0, 0, 0, 0, 0),
       ('e238fe10-cd9c-4196-9b42-8db2722a69d5', 100, 0, 0, 0, 0, 0, 0),
       ('e74ba920-f5e8-45bf-a744-a826b48e9b82', 100, 0, 0, 0, 0, 0, 0),
       ('e7712c1d-faaa-4d6a-b3d5-9d2c083051e1', 100, 0, 0, 0, 0, 0, 0),
       ('f594453d-81e9-42fd-96ec-c9e50a1acb2e', 100, 0, 0, 0, 0, 0, 0);
/*!40000 ALTER TABLE `user_record` ENABLE KEYS */;
UNLOCK
TABLES;

--
-- Table structure for table `user_school`
--

DROP TABLE IF EXISTS `user_school`;
/*!40101 SET @saved_cs_client     = @@character_set_client */;
/*!50503 SET character_set_client = utf8mb4 */;
CREATE TABLE `user_school`
(
    `id`         varchar(100) NOT NULL COMMENT '用户学校记录id',
    `user_id`    varchar(100) DEFAULT NULL COMMENT 'userId',
    `school_id`  varchar(100) DEFAULT NULL COMMENT '学校id',
    `management` tinyint(1) DEFAULT '0' COMMENT '是否管理',
    PRIMARY KEY (`id`)
) ENGINE=InnoDB DEFAULT CHARSET=utf8mb4 COLLATE=utf8mb4_0900_ai_ci;
/*!40101 SET character_set_client = @saved_cs_client */;

--
-- Dumping data for table `user_school`
--

LOCK
TABLES `user_school` WRITE;
/*!40000 ALTER TABLE `user_school` DISABLE KEYS */;
INSERT INTO `user_school`
VALUES ('47b45956-3eb7-4095-b7d5-918ac9924e67', '603ca609-487b-47af-bc20-2db8498d90b8', 'schoolId', 0),
       ('6ef41af6-925b-475e-91b6-ccb6de3d1bea', 'e74ba920-f5e8-45bf-a744-a826b48e9b82', 'schoolId', 0),
       ('72306f69-c5f2-45fc-bffe-cfbe7ee186de', 'b6f29724-fdcd-48c5-94e4-a99c55efb4ff', 'schoolId', 0),
       ('7e05ef2f-4c53-4bfa-89d9-e3f703a33135', 'daf47a79-d8c8-4068-a9b6-e3bc18c8e725', 'schoolId', 0),
       ('ab9db50e-08e5-4a10-9bdf-5bedc7a4a211', 'c97ec857-8489-4b72-9d34-ba1247d02b55', 'schoolId', 0),
       ('asdjsadv', 'test', 'schoolId', 0),
       ('c2580002-3a19-47a1-9d30-e4298268a3ec', 'a91decad-d762-4098-ae68-a058eea3b823', 'schoolId', 0),
       ('c6a1e567-e3c7-4f1c-9f1e-33846c91acaf', '4b273ac1-b2bf-4efc-9f7c-29012376e855', 'schoolId', 0),
       ('d8f53b0d-ef30-4d76-86fa-26db6b2c17d2', '9c5f6f6b-ab51-43c1-9d63-5569bfbb94e4', 'schoolId', 0),
       ('e9accc2d-f31e-4e84-9687-811561713862', 'e238fe10-cd9c-4196-9b42-8db2722a69d5', 'schoolId', 0),
       ('knadjcva', 'admin', 'schoolId', 1);
/*!40000 ALTER TABLE `user_school` ENABLE KEYS */;
UNLOCK
TABLES;
/*!40103 SET TIME_ZONE=@OLD_TIME_ZONE */;

/*!40101 SET SQL_MODE=@OLD_SQL_MODE */;
/*!40014 SET FOREIGN_KEY_CHECKS=@OLD_FOREIGN_KEY_CHECKS */;
/*!40014 SET UNIQUE_CHECKS=@OLD_UNIQUE_CHECKS */;
/*!40101 SET CHARACTER_SET_CLIENT=@OLD_CHARACTER_SET_CLIENT */;
/*!40101 SET CHARACTER_SET_RESULTS=@OLD_CHARACTER_SET_RESULTS */;
/*!40101 SET COLLATION_CONNECTION=@OLD_COLLATION_CONNECTION */;
/*!40111 SET SQL_NOTES=@OLD_SQL_NOTES */;

-- Dump completed on 2024-06-17 13:29:29
